"","Name.of.School","Environment Rating","Instruction Rating","Leadership Rating","Collaboration Rating","Safety Rating","Family Rating","Median Income","H.S.Graduation %","Estimate of Pop. At or Above Poverty Line who Did Not Receive Food Stamps","Estimate of Aggregate Earnings","2014 NWEA Reading Gr.3 Pct","2015 NWEA Reading Gr.3 Pct","2016 NWEA Reading Gr.3 Pct","2014 NWEA Math Gr.3 Pct","2015 NWEA Math Gr.3 Pct","2016 NWEA Math Gr.3 Pct","Longitude","Latitude"
"1","Academy for Global Citizenship Elementary School","NOT ENOUGH DATA","NOT ENOUGH DATA","NOT ENOUGH DATA","NOT ENOUGH DATA","NOT ENOUGH DATA","NOT ENOUGH DATA",40829,60.4,15934,1179638500,NA,51,31,NA,41,15,"-87.74009675"," 41.80755107"
"2","Alain Locke Charter Elementary Academy","NOT ENOUGH DATA","NOT ENOUGH DATA","NOT ENOUGH DATA","NOT ENOUGH DATA","NOT ENOUGH DATA","NOT ENOUGH DATA",37137,82.2,7584,687485100,NA,72,NA,NA,57,NA,"-87.70524106"," 41.87722085"
"3","Catalyst Elementary School - Circle Rock","NEUTRAL","NEUTRAL","NEUTRAL","NEUTRAL","NEUTRAL","WEAK",26892,76.3,7824,540042100,7,14,25,15,14,23,"-87.76534092"," 41.88234944"
"4","Chicago Intl Charter - Avalon / South Shore","VERY WEAK","NEUTRAL","WEAK","NEUTRAL","WEAK","NEUTRAL",32024,87.6,14258,848998100,85,51,93,77,86,94,"-87.58788286"," 41.74315245"
"5","Chicago Intl Charter - Basil","WEAK","WEAK","VERY WEAK","VERY WEAK","WEAK","WEAK",32721,70.7,11193,792396800,59,59,55,63,57,54,"-87.67023496"," 41.79407037"
"6","Chicago Intl Charter - Bucktown","NEUTRAL","WEAK","NEUTRAL","WEAK","NEUTRAL","NEUTRAL",61028,85.3,26587,2824154900,40,80,71,24,83,59,"-87.68132064"," 41.92239845"
"7","Chicago Intl Charter - Loomis Primary","NOT ENOUGH DATA","NOT ENOUGH DATA","WEAK","WEAK","NOT ENOUGH DATA","NEUTRAL",59686,90.6,13631,1165721000,NA,NA,NA,NA,NA,NA,"-87.65752453"," 41.72025066"
"8","Chicago Intl Charter - Irving Park","NEUTRAL","WEAK","WEAK","NEUTRAL","STRONG","STRONG",62102,81.8,29192,3008747400,98,54,46,93,48,46,"-87.7105295"," 41.95090201"
"9","Chicago Intl Charter - Prairie","WEAK","WEAK","WEAK","WEAK","NEUTRAL","WEAK",35654,84.6,12953,880028700,79,21,34,71,19,27,"-87.61692508"," 41.68444316"
"10","Chicago Intl Charter - Washington Park","WEAK","WEAK","WEAK","NEUTRAL","VERY WEAK","WEAK",27091,86.2,9519,809803000,73,47,56,62,49,47,"-87.62203124"," 41.78359459"
"11","Chicago Intl Charter - West Belden","NEUTRAL","WEAK","WEAK","NEUTRAL","NEUTRAL","NEUTRAL",39913,61.2,15947,1211392100,62,95,81,46,98,71,"-87.77671136"," 41.92167549"
"12","Chicago Intl Charter - Wrightwood","NEUTRAL","NEUTRAL","NEUTRAL","NEUTRAL","NEUTRAL","NEUTRAL",64574,83.7,9996,858206500,75,87,57,57,97,68,"-87.69265107"," 41.74536617"
"13","Erie Elementary Charter School","STRONG","NEUTRAL","STRONG","STRONG","NEUTRAL","STRONG",79085,89.5,19360,2565859900,27,39,49,6,18,22,"-87.69432633"," 41.90680106"
"14","Frazier Preparatory Academy Elementary School","NEUTRAL","STRONG","NEUTRAL","WEAK","WEAK","STRONG",30048,57.1,11743,884410100,21,45,19,35,73,9,"-87.72631742"," 41.86695871"
"15","Hope Institute Learning Academy","NOT ENOUGH DATA","NOT ENOUGH DATA","NEUTRAL","WEAK","NOT ENOUGH DATA","NEUTRAL",37137,82.2,7584,687485100,0,33,23,1,18,21,"-87.66807949"," 41.88338944"
"16","KIPP Ascend Academy Charter Elementary School","WEAK","NEUTRAL","STRONG","STRONG","WEAK","NEUTRAL",30048,57.1,11743,884410100,NA,10,NA,NA,30,NA,"-87.72133609"," 41.85836995"
"17","Kwame Nkrumah Academy Elementary School","NOT ENOUGH DATA","NOT ENOUGH DATA","WEAK","NEUTRAL","NOT ENOUGH DATA","STRONG",35654,84.6,12953,880028700,80,13,14,64,1,10,"-87.64506169"," 41.73891334"
"18","LEARN Charter ES - Romano Butler Campus","NEUTRAL","NEUTRAL","WEAK","WEAK","NEUTRAL","NEUTRAL",22160,73.3,4177,343708200,NA,87,46,NA,92,29,"-87.71071543"," 41.86725283"
"19","LEARN Charter ES - Charles and Dorothy Campbell","STRONG","NEUTRAL","NEUTRAL","WEAK","STRONG","WEAK",37137,82.2,7584,687485100,NA,62,35,NA,77,57,"-87.69877543"," 41.87786014"
"20","LEARN Charter ES - Excel","WEAK","WEAK","NEUTRAL","STRONG","NEUTRAL","WEAK",37137,82.2,7584,687485100,NA,37,19,NA,41,22,"-87.68631142"," 41.87488571"
"21","Legacy Charter Elementary School","NEUTRAL","STRONG","WEAK","WEAK","WEAK","NEUTRAL",30048,57.1,11743,884410100,30,32,40,26,23,27,"-87.73049117"," 41.85685194"
"22","Namaste Charter Elementary School","STRONG","STRONG","STRONG","VERY STRONG","STRONG","STRONG",32721,70.7,11193,792396800,NA,11,36,NA,12,11,"-87.667687"," 41.82569"
"23","Asian Human Services - Passages Charter School","NOT ENOUGH DATA","NOT ENOUGH DATA","NOT ENOUGH DATA","NOT ENOUGH DATA","NOT ENOUGH DATA","NOT ENOUGH DATA",43794,89.9,15562,1155363300,97,94,65,96,97,70,"-87.6711545"," 41.98334408"
"24","Plato Learning Academy Elementary School","NEUTRAL","WEAK","WEAK","VERY WEAK","NEUTRAL","VERY WEAK",26892,76.3,7824,540042100,35,14,12,16,18,8,"-87.76332484"," 41.87273313"
"25","Polaris Charter Academy Elementary School","STRONG","STRONG","STRONG","VERY STRONG","STRONG","NEUTRAL",22160,73.3,4177,343708200,23,44,46,34,45,68,"-87.70783352"," 41.89255998"
"26","Providence Englewood Charter - Bunche","NOT ENOUGH DATA","NOT ENOUGH DATA","NOT ENOUGH DATA","NOT ENOUGH DATA","NOT ENOUGH DATA","NOT ENOUGH DATA",27475,77.7,5499,337223800,NA,67,24,NA,30,18,"-87.66395861"," 41.77534915"
"27","University of Chicago Charter - Donoghue","NOT ENOUGH DATA","NOT ENOUGH DATA","NEUTRAL","WEAK","NOT ENOUGH DATA","NEUTRAL",26176,84.1,6956,558912000,58,53,49,48,32,43,"-87.60847172"," 41.82770517"
"28","University of Chicago Charter - NKO","NOT ENOUGH DATA","NOT ENOUGH DATA","NEUTRAL","STRONG","NOT ENOUGH DATA","NEUTRAL",26176,84.1,6956,558912000,81,78,66,76,63,45,"-87.5985003"," 41.81133445"
"29","UNO Charter School - SPC Daniel Zizumbo Campus","NOT ENOUGH DATA","NOT ENOUGH DATA","NEUTRAL","NEUTRAL","NOT ENOUGH DATA","STRONG",40829,60.4,15934,1179638500,NA,84,75,NA,93,93,"-87.73036028"," 41.80789494"
"30","UNO Charter School - PFC Omar E.Torres Campus","NEUTRAL","NEUTRAL","VERY WEAK","WEAK","STRONG","NEUTRAL",40829,60.4,15934,1179638500,NA,74,77,NA,82,72,"-87.73036028"," 41.80789494"
"31","UNO Charter - Bartolome de Las Casas","VERY STRONG","STRONG","NEUTRAL","NEUTRAL","VERY STRONG","VERY STRONG",37574,69.2,16267,1242412100,NA,67,64,NA,96,75,"-87.66794196"," 41.85947665"
"32","UNO Charter - Carlos Fuentes","NEUTRAL","NEUTRAL","WEAK","WEAK","STRONG","STRONG",62102,81.8,29192,3008747400,NA,92,84,NA,90,88,"-87.69956817"," 41.9374484"
"33","UNO Charter - Octavio Paz Campus","NEUTRAL","NEUTRAL","VERY WEAK","WEAK","NEUTRAL","NEUTRAL",37574,69.2,16267,1242412100,NA,61,44,NA,40,34,"-87.69251467"," 41.85000849"
"34","UNO Charter - Rufino Tamayo","NEUTRAL","WEAK","NEUTRAL","WEAK","NEUTRAL","NEUTRAL",40829,60.4,15934,1179638500,NA,50,62,NA,76,73,"-87.69382513"," 41.79993702"
"35","UNO Charter School - Officer Donald J. Marquez","STRONG","NEUTRAL","WEAK","WEAK","STRONG","NEUTRAL",40829,60.4,15934,1179638500,NA,49,40,NA,62,44,"-87.69738923"," 41.80833634"
"36","Chicago Intl Charter - Lloyd Bond","NEUTRAL","STRONG","WEAK","WEAK","WEAK","NEUTRAL",30587,84.2,5228,366896700,12,1,30,13,18,41,"-87.60507067"," 41.6536366"
"37","Rowe Elementary School","NOT ENOUGH DATA","NOT ENOUGH DATA","NEUTRAL","NEUTRAL","NOT ENOUGH DATA","STRONG",82404,90.7,7813,960699700,NA,63,49,NA,81,66,"-87.66410941"," 41.90780404"
"38","UNO Charter - Sandra Cisneros","STRONG","STRONG","WEAK","WEAK","STRONG","NEUTRAL",40829,60.4,15934,1179638500,NA,47,43,NA,46,32,"-87.69397186"," 41.82291183"
"39","LEARN  Charter School-South Chicago Campus","NOT ENOUGH DATA","NOT ENOUGH DATA","WEAK","WEAK","NOT ENOUGH DATA","WEAK",37254,79,17284,1046806600,NA,76,42,NA,90,59,"-87.54451462"," 41.73331035"
"40","LEARN Charter School - Hunter Perkins","NOT ENOUGH DATA","NOT ENOUGH DATA","WEAK","NEUTRAL","NOT ENOUGH DATA","NEUTRAL",32401,84.7,14932,879462600,NA,32,48,NA,26,47,"-87.66574597"," 41.7431489"
"41","UNO 51st and Homan Charter Elementary School","STRONG","STRONG","NEUTRAL","NEUTRAL","VERY STRONG","STRONG",40829,60.4,15934,1179638500,NA,71,65,NA,98,94,"-87.70883469"," 41.80106791"
"42","UNO Charter Elementary School St Marks","NEUTRAL","NEUTRAL","STRONG","STRONG","STRONG","VERY STRONG",79085,89.5,19360,2565859900,NA,81,71,NA,59,69,"-87.68992811"," 41.90037072"
"43","Catalyst-Maria Charter School","STRONG","NEUTRAL","WEAK","WEAK","WEAK","WEAK",41471,67.6,18796,1497692700,36,30,56,43,25,70,"-87.69303861"," 41.77098817"
"44","The Montessori School of Englewood Charter","NOT ENOUGH DATA","NOT ENOUGH DATA","NOT ENOUGH DATA","NOT ENOUGH DATA","NOT ENOUGH DATA","NOT ENOUGH DATA",27475,77.7,5499,337223800,NA,10,31,NA,2,7,"-87.67513395"," 41.77418952"
"45","UNO Charter - Near West Elementary","STRONG","NEUTRAL","NEUTRAL","NEUTRAL","STRONG","STRONG",55513,85.3,12367,975099700,NA,29,42,NA,36,56,"-87.78786686"," 41.91793654"
"46","UNO Charter - Rogers Park ES","STRONG","NEUTRAL","VERY WEAK","VERY WEAK","STRONG","NEUTRAL",49132,83.1,11531,995141700,NA,13,49,NA,19,29,"-87.68444132"," 42.01646447"
"47","KIPP Charter Create","NOT ENOUGH DATA","NOT ENOUGH DATA","NOT ENOUGH DATA","NOT ENOUGH DATA","NOT ENOUGH DATA","NOT ENOUGH DATA",26892,76.3,7824,540042100,NA,NA,NA,NA,NA,NA,"-87.74720007"," 41.89214726"
"48","Learn Charter 7 ES","NOT ENOUGH DATA","NOT ENOUGH DATA","NOT ENOUGH DATA","NOT ENOUGH DATA","NOT ENOUGH DATA","NOT ENOUGH DATA",37137,82.2,7584,687485100,NA,46,47,NA,62,49,"-87.7021614"," 41.88746153"
"49","UNO Charter 15 ES","NOT ENOUGH DATA","NOT ENOUGH DATA","NOT ENOUGH DATA","NOT ENOUGH DATA","NOT ENOUGH DATA","NOT ENOUGH DATA",40829,60.4,15934,1179638500,NA,59,71,NA,80,87,"-87.69327474"," 41.81309752"
"50","KIPP Charter Bloom","NOT ENOUGH DATA","NOT ENOUGH DATA","NOT ENOUGH DATA","NOT ENOUGH DATA","NOT ENOUGH DATA","NOT ENOUGH DATA",20150,76.6,3931,262068500,NA,NA,NA,NA,NA,NA,"-87.64134488"," 41.79355292"
"51","LEARN Charter - Middle School Campus","NOT ENOUGH DATA","NOT ENOUGH DATA","NOT ENOUGH DATA","NOT ENOUGH DATA","NOT ENOUGH DATA","NOT ENOUGH DATA",37137,82.2,7584,687485100,NA,NA,NA,NA,NA,NA,"-87.7021614"," 41.88746153"
"52","Jane Addams Elementary School","NEUTRAL","STRONG","NEUTRAL","NEUTRAL","STRONG","NEUTRAL",37254,79,17284,1046806600,49,48,55,48,66,59,"-87.53301251"," 41.69871497"
"53","Louis A Agassiz Elementary School","WEAK","NEUTRAL","STRONG","STRONG","NEUTRAL","NEUTRAL",84319,98.3,33030,4323302400,65,92,95,33,86,84,"-87.65619167"," 41.93412004"
"54","Louisa May Alcott Elementary School","STRONG","STRONG","NEUTRAL","NEUTRAL","VERY STRONG","VERY STRONG",94640,97.6,29532,4540034600,94,99,98,96,99,98,"-87.64633949"," 41.92984626"
"55","Phillip D Armour Elementary School","NEUTRAL","STRONG","NEUTRAL","STRONG","NEUTRAL","NEUTRAL",37574,69.2,16267,1242412100,20,47,69,25,46,48,"-87.65061898"," 41.8338821"
"56","George Armstrong International Studies ES","NEUTRAL","STRONG","STRONG","STRONG","NEUTRAL","STRONG",49132,83.1,11531,995141700,44,46,45,41,56,40,"-87.68446868"," 42.01017628"
"57","John J Audubon Elementary School","NEUTRAL","NEUTRAL","WEAK","STRONG","STRONG","STRONG",62102,81.8,29192,3008747400,74,95,93,92,99,93,"-87.68107885"," 41.94509808"
"58","Avalon Park Elementary School","NEUTRAL","NEUTRAL","WEAK","WEAK","WEAK","WEAK",32024,87.6,14258,848998100,3,2,6,3,4,4,"-87.59161761"," 41.74826636"
"59","Alice L Barnard Computer Math & Science Ctr ES","WEAK","WEAK","NEUTRAL","WEAK","STRONG","NEUTRAL",59686,90.6,13631,1165721000,34,66,35,35,59,45,"-87.65811642"," 41.70514024"
"60","John Barry Elementary School","VERY STRONG","VERY STRONG","STRONG","NEUTRAL","STRONG","STRONG",53158,78.5,19135,1584613700,14,39,36,33,34,43,"-87.73942514"," 41.93251118"
"61","Clara Barton Elementary School","WEAK","WEAK","STRONG","STRONG","WEAK","NEUTRAL",32401,84.7,14932,879462600,2,1,16,3,1,7,"-87.67096453"," 41.75421962"
"62","Perkins Bass Elementary School","WEAK","NEUTRAL","WEAK","VERY WEAK","VERY WEAK","WEAK",20150,76.6,3931,262068500,10,1,1,15,2,9,"-87.65354234"," 41.77427377"
"63","Newton Bateman Elementary School","STRONG","NEUTRAL","WEAK","WEAK","NEUTRAL","NEUTRAL",62102,81.8,29192,3008747400,73,15,51,51,16,44,"-87.70218806"," 41.95823045"
"64","Nicholson Technology Academy","STRONG","VERY STRONG","STRONG","STRONG","NEUTRAL","NEUTRAL",20150,76.6,3931,262068500,8,2,3,29,4,3,"-87.64748868"," 41.7849277"
"65","Thomas A Edison Regional Gifted Center ES","NEUTRAL","STRONG","STRONG","STRONG","VERY STRONG","STRONG",59601,83.7,22850,2221270800,99,99,99,99,99,99,"-87.70962725"," 41.9711433"
"66","George Rogers Clark Elementary School","NEUTRAL","STRONG","NEUTRAL","WEAK","NEUTRAL","STRONG",26892,76.3,7824,540042100,76,95,70,78,85,43,"-87.77038158"," 41.8678323"
"67","Jean Baptiste Beaubien Elementary School","WEAK","NEUTRAL","VERY STRONG","VERY STRONG","STRONG","STRONG",67469,88.3,17421,1485736300,98,99,97,97,97,96,"-87.75752776"," 41.97237914"
"68","Jacob Beidler Elementary School","VERY STRONG","STRONG","WEAK","VERY WEAK","NEUTRAL","NEUTRAL",37137,82.2,7584,687485100,3,NA,4,22,NA,5,"-87.70581859"," 41.88529401"
"69","Hiram H Belding Elementary School","STRONG","STRONG","NEUTRAL","NEUTRAL","STRONG","STRONG",53158,78.5,19135,1584613700,76,44,81,81,59,75,"-87.73398223"," 41.95890499"
"70","Alexander Graham Bell Elementary School","STRONG","NEUTRAL","NEUTRAL","NEUTRAL","VERY STRONG","VERY STRONG",62102,81.8,29192,3008747400,99,99,98,99,99,97,"-87.68605496"," 41.94952795"
"71","Frank I Bennett Elementary School","NEUTRAL","STRONG","WEAK","WEAK","WEAK","WEAK",35654,84.6,12953,880028700,3,25,20,2,12,14,"-87.61735342"," 41.71041656"
"72","James G Blaine Elementary School","NEUTRAL","STRONG","NEUTRAL","NEUTRAL","VERY STRONG","STRONG",73810,96.5,22437,2631101000,99,99,98,99,99,97,"-87.66495825"," 41.95080812"
"73","Daniel Boone Elementary School","NEUTRAL","NEUTRAL","STRONG","STRONG","NEUTRAL","STRONG",49132,83.1,11531,995141700,71,87,74,86,86,74,"-87.69750011"," 42.00343519"
"74","Scott Joplin Elementary School","NEUTRAL","STRONG","NEUTRAL","WEAK","VERY WEAK","WEAK",32401,84.7,14932,879462600,2,9,13,1,53,13,"-87.66932903"," 41.74934082"
"75","Myra Bradwell Communications Arts & Sciences ES","NEUTRAL","NEUTRAL","NEUTRAL","WEAK","WEAK","VERY WEAK",26246,88.2,10424,696939500,2,13,4,8,16,3,"-87.55717881"," 41.7543734"
"76","Lionel Hampton Fine & Performing Arts ES","WEAK","NEUTRAL","WEAK","NEUTRAL","VERY WEAK","WEAK",64574,83.7,9996,858206500,5,37,13,7,47,14,"-87.70875287"," 41.75348432"
"77","Alex Haley Elementary Academy","NEUTRAL","WEAK","NEUTRAL","WEAK","WEAK","WEAK",35654,84.6,12953,880028700,0,3,13,0,8,12,"-87.63359476"," 41.68663682"
"78","Lorenz Brentano Math & Science Academy ES","VERY STRONG","VERY STRONG","NEUTRAL","STRONG","VERY STRONG","VERY STRONG",61028,85.3,26587,2824154900,45,70,56,69,61,30,"-87.69625758"," 41.93097047"
"79","Norman A Bridge Elementary School","NEUTRAL","STRONG","STRONG","STRONG","STRONG","STRONG",58184,85.2,20984,1660106800,54,80,88,72,90,91,"-87.79870722"," 41.94915063"
"80","Orville T Bright Elementary School","NEUTRAL","NEUTRAL","NEUTRAL","NEUTRAL","WEAK","NEUTRAL",37254,79,17284,1046806600,0,4,25,0,2,40,"-87.56212104"," 41.69973969"
"81","William H Brown Elementary School","STRONG","STRONG","STRONG","STRONG","STRONG","VERY STRONG",37137,82.2,7584,687485100,6,3,49,22,17,23,"-87.67071879"," 41.88298698"
"82","Charles S Brownell Elementary School","NEUTRAL","WEAK","WEAK","WEAK","VERY WEAK","WEAK",27091,86.2,9519,809803000,3,1,11,9,1,9,"-87.62170972"," 41.77163474"
"83","Edward A Bouchet Math & Science Academy ES","VERY STRONG","VERY STRONG","VERY STRONG","VERY STRONG","STRONG","VERY STRONG",26246,88.2,10424,696939500,4,39,89,7,24,52,"-87.57603849"," 41.76086093"
"84","Lyman A Budlong Elementary School","NEUTRAL","STRONG","NEUTRAL","WEAK","NEUTRAL","NEUTRAL",59601,83.7,22850,2221270800,74,67,81,63,69,70,"-87.69660443"," 41.97572652"
"85","Luther Burbank Elementary School","STRONG","STRONG","VERY STRONG","VERY STRONG","STRONG","VERY STRONG",39913,61.2,15947,1211392100,12,37,65,25,60,70,"-87.78266267"," 41.91759334"
"86","Edmond Burke Elementary School","NEUTRAL","NEUTRAL","STRONG","NEUTRAL","WEAK","NEUTRAL",40587,93.3,13523,1094036300,0,3,13,1,9,11,"-87.61617809"," 41.79679285"
"87","Augustus H Burley Elementary School","VERY STRONG","STRONG","STRONG","STRONG","VERY STRONG","VERY STRONG",84319,98.3,33030,4323302400,86,89,97,90,75,93,"-87.66985204"," 41.93796493"
"88","Burnham Elementary Inclusive Academy","STRONG","STRONG","STRONG","STRONG","NEUTRAL","STRONG",37254,79,17284,1046806600,29,41,19,23,42,17,"-87.56716721"," 41.71440176"
"89","Rosario Castellanos Elementary School","NEUTRAL","WEAK","VERY WEAK","VERY WEAK","NEUTRAL","WEAK",30048,57.1,11743,884410100,NA,NA,NA,NA,NA,NA,"-87.71496352"," 41.84544296"
"90","Burnside Elementary Scholastic Academy","WEAK","STRONG","WEAK","WEAK","WEAK","WEAK",32024,87.6,14258,848998100,31,55,82,10,27,32,"-87.60747108"," 41.72850759"
"91","Jonathan Burr Elementary School","NEUTRAL","STRONG","STRONG","STRONG","VERY STRONG","VERY STRONG",79085,89.5,19360,2565859900,67,79,55,50,58,51,"-87.66864691"," 41.91233061"
"92","John C Burroughs Elementary School","STRONG","STRONG","STRONG","NEUTRAL","STRONG","STRONG",40829,60.4,15934,1179638500,70,61,73,91,77,72,"-87.69249318"," 41.8288631"
"93","Milton Brunson Math & Science Specialty ES","NEUTRAL","NEUTRAL","NEUTRAL","NEUTRAL","WEAK","NEUTRAL",34397,74,10348,774251800,0,2,15,0,1,12,"-87.76564297"," 41.89767761"
"94","Michael M Byrne Elementary School","NEUTRAL","NEUTRAL","WEAK","WEAK","NEUTRAL","STRONG",64408,83,16783,1273764400,52,62,63,40,64,67,"-87.79150778"," 41.79503029"
"95","Charles P Caldwell Academy of Math & Science ES","WEAK","NEUTRAL","WEAK","WEAK","WEAK","WEAK",37254,79,17284,1046806600,2,96,74,1,99,20,"-87.58076569"," 41.73922735"
"96","Little Village Elementary School","STRONG","STRONG","NEUTRAL","NEUTRAL","NEUTRAL","NEUTRAL",30048,57.1,11743,884410100,24,49,29,26,41,27,"-87.71735516"," 41.84368588"
"97","Daniel R Cameron Elementary School","NEUTRAL","STRONG","NEUTRAL","NEUTRAL","WEAK","NEUTRAL",34397,74,10348,774251800,20,65,64,50,81,70,"-87.71796315"," 41.90378521"
"98","Arthur E Canty Elementary School","STRONG","STRONG","NEUTRAL","NEUTRAL","STRONG","STRONG",58184,85.2,20984,1660106800,87,91,92,94,96,88,"-87.8293319"," 41.94799245"
"99","Andrew Carnegie Elementary School","VERY WEAK","VERY WEAK","NEUTRAL","WEAK","WEAK","WEAK",27091,86.2,9519,809803000,74,85,74,70,77,78,"-87.59079649"," 41.78339577"
"100","Carroll-Rosenwald Specialty Elementary School","NEUTRAL","STRONG","NEUTRAL","NEUTRAL","NEUTRAL","STRONG",64574,83.7,9996,858206500,8,49,55,34,30,46,"-87.696003"," 41.74248931"
"101","Rachel Carson Elementary School","NEUTRAL","STRONG","WEAK","WEAK","NEUTRAL","NEUTRAL",41471,67.6,18796,1497692700,52,29,43,78,66,61,"-87.68783576"," 41.79325514"
"102","William W Carter Elementary School","WEAK","STRONG","STRONG","NEUTRAL","WEAK","STRONG",27091,86.2,9519,809803000,9,31,38,1,22,49,"-87.62248974"," 41.78984129"
"103","George Washington Carver Primary School","WEAK","WEAK","NEUTRAL","NEUTRAL","WEAK","WEAK",30587,84.2,5228,366896700,1,4,7,2,8,2,"-87.59952683"," 41.65367428"
"104","Ira F Aldridge Elementary School","WEAK","NEUTRAL","NEUTRAL","STRONG","WEAK","WEAK",30587,84.2,5228,366896700,11,3,1,4,5,1,"-87.60649623"," 41.65743243"
"105","George F Cassell Elementary School","VERY STRONG","VERY STRONG","VERY STRONG","VERY STRONG","VERY STRONG","VERY STRONG",91102,96.4,9439,875033900,81,80,90,85,62,70,"-87.70325179"," 41.68733881"
"106","Horace Greeley Elementary School","NEUTRAL","STRONG","NEUTRAL","NEUTRAL","STRONG","NEUTRAL",73810,96.5,22437,2631101000,84,87,75,71,86,87,"-87.65097549"," 41.95283701"
"107","Thomas Chalmers Specialty Elementary School","STRONG","VERY STRONG","VERY STRONG","VERY STRONG","STRONG","VERY STRONG",37574,69.2,16267,1242412100,0,2,2,3,15,22,"-87.69526079"," 41.8664078"
"108","Eliza Chappell Elementary School","STRONG","STRONG","STRONG","STRONG","STRONG","VERY STRONG",59601,83.7,22850,2221270800,45,63,84,56,59,57,"-87.68325438"," 41.975867"
"109","Salmon P Chase Elementary School","STRONG","STRONG","STRONG","STRONG","STRONG","STRONG",61028,85.3,26587,2824154900,22,35,42,45,25,41,"-87.69454144"," 41.91801539"
"110","Frederic Chopin Elementary School","NEUTRAL","NEUTRAL","NEUTRAL","NEUTRAL","STRONG","NEUTRAL",79085,89.5,19360,2565859900,65,9,13,60,23,30,"-87.68890154"," 41.89674048"
"111","Walter S Christopher Elementary School","NEUTRAL","WEAK","VERY WEAK","WEAK","STRONG","WEAK",40829,60.4,15934,1179638500,NA,2,6,NA,10,21,"-87.68564411"," 41.8016744"
"112","Henry Clay Elementary School","NEUTRAL","STRONG","NOT ENOUGH DATA","NOT ENOUGH DATA","NEUTRAL","NOT ENOUGH DATA",50754,85.5,3455,255841000,39,69,82,59,65,72,"-87.544577"," 41.65455937"
"113","Grover Cleveland Elementary School","NEUTRAL","NEUTRAL","NEUTRAL","NEUTRAL","NEUTRAL","NEUTRAL",62102,81.8,29192,3008747400,47,35,49,39,55,41,"-87.70642927"," 41.9520147"
"114","DeWitt Clinton Elementary School","VERY STRONG","VERY STRONG","NEUTRAL","STRONG","VERY STRONG","STRONG",51527,83.3,8922,770254100,23,62,62,59,92,64,"-87.69839748"," 41.99256421"
"115","Henry R Clissold Elementary School","VERY STRONG","STRONG","STRONG","STRONG","VERY STRONG","VERY STRONG",59686,90.6,13631,1165721000,59,82,82,49,73,77,"-87.6808619"," 41.69305404"
"116","Edward Coles Elementary Language Academy","WEAK","NEUTRAL","WEAK","WEAK","WEAK","NEUTRAL",37254,79,17284,1046806600,24,76,85,19,48,94,"-87.56593332"," 41.74142687"
"117","Christopher Columbus Elementary School","STRONG","STRONG","WEAK","STRONG","STRONG","STRONG",79085,89.5,19360,2565859900,61,81,74,68,66,64,"-87.68190167"," 41.89958139"
"118","John W Cook Elementary School","STRONG","VERY STRONG","NEUTRAL","NEUTRAL","WEAK","NEUTRAL",32401,84.7,14932,879462600,3,9,6,3,4,2,"-87.6598119"," 41.74526284"
"119","Jordan Elementary Community School","NEUTRAL","WEAK","NEUTRAL","WEAK","NEUTRAL","WEAK",36978,85.9,15325,1096257300,43,4,45,62,17,44,"-87.67779928"," 42.01709536"
"120","John C Coonley Elementary School","VERY STRONG","VERY STRONG","STRONG","STRONG","VERY STRONG","VERY STRONG",62102,81.8,29192,3008747400,99,99,98,99,99,98,"-87.68380195"," 41.95554905"
"121","Peter Cooper Elementary Dual Language Academy","NOT ENOUGH DATA","NOT ENOUGH DATA","WEAK","NEUTRAL","NOT ENOUGH DATA","NEUTRAL",37574,69.2,16267,1242412100,27,36,41,45,25,27,"-87.66724753"," 41.85605839"
"122","Anna R. Langford Community Academy","NEUTRAL","NEUTRAL","STRONG","STRONG","VERY WEAK","STRONG",27475,77.7,5499,337223800,1,7,1,0,8,1,"-87.6572053"," 41.78465652"
"123","Daniel J Corkery Elementary School","NEUTRAL","NEUTRAL","STRONG","NEUTRAL","NEUTRAL","NEUTRAL",30048,57.1,11743,884410100,8,54,51,32,28,51,"-87.73122946"," 41.84559878"
"124","Barbara Vick Early Childhood & Family Center","NOT ENOUGH DATA","NOT ENOUGH DATA","STRONG","STRONG","NOT ENOUGH DATA","VERY STRONG",91102,96.4,9439,875033900,NA,NA,NA,NA,NA,NA,"-87.6856634"," 41.68821843"
"125","Manuel Perez Elementary School","NEUTRAL","NEUTRAL","STRONG","STRONG","NEUTRAL","NEUTRAL",37574,69.2,16267,1242412100,93,88,54,84,70,38,"-87.6579887"," 41.85600113"
"126","Crown Community Academy of Fine Arts Center ES","NEUTRAL","STRONG","NEUTRAL","NEUTRAL","WEAK","NEUTRAL",30048,57.1,11743,884410100,6,2,34,28,5,31,"-87.7125068"," 41.85266155"
"127","Everett McKinley Dirksen Elementary School","WEAK","WEAK","STRONG","NEUTRAL","NEUTRAL","WEAK",58177,90.7,10115,764434600,85,82,84,78,94,79,"-87.84105162"," 41.97368728"
"128","Charles R Darwin Elementary School","VERY STRONG","VERY STRONG","NEUTRAL","STRONG","VERY STRONG","VERY STRONG",61028,85.3,26587,2824154900,61,23,22,53,32,38,"-87.70543099"," 41.92334998"
"129","Nathan S Davis Elementary School","WEAK","WEAK","NEUTRAL","NEUTRAL","NEUTRAL","NEUTRAL",40829,60.4,15934,1179638500,4,22,32,5,31,32,"-87.70022859"," 41.8218786"
"130","Charles Gates Dawes Elementary School","VERY STRONG","VERY STRONG","STRONG","STRONG","VERY STRONG","STRONG",64574,83.7,9996,858206500,62,34,50,66,32,63,"-87.71738613"," 41.74510467"
"131","Stephen Decatur Classical Elementary School","NEUTRAL","NEUTRAL","STRONG","STRONG","VERY STRONG","VERY STRONG",49132,83.1,11531,995141700,99,99,99,99,99,99,"-87.70465502"," 42.00930696"
"132","Charles S Deneen Elementary School","NEUTRAL","STRONG","VERY WEAK","WEAK","NEUTRAL","WEAK",32024,87.6,14258,848998100,4,19,45,27,59,51,"-87.62338156"," 41.76250359"
"133","William E Dever Elementary School","NEUTRAL","STRONG","NEUTRAL","NEUTRAL","STRONG","STRONG",58184,85.2,20984,1660106800,56,74,64,88,89,81,"-87.813168"," 41.94254335"
"134","Dewey Elementary Academy of Fine Arts","NEUTRAL","WEAK","VERY WEAK","WEAK","WEAK","WEAK",32721,70.7,11193,792396800,1,14,23,3,11,18,"-87.642615"," 41.7956493"
"135","Arthur Dixon Elementary School","STRONG","STRONG","NEUTRAL","NEUTRAL","NEUTRAL","NEUTRAL",32024,87.6,14258,848998100,46,84,91,30,57,68,"-87.61001515"," 41.74365776"
"136","James R Doolittle Jr Elementary School","WEAK","VERY WEAK","NEUTRAL","NEUTRAL","WEAK","NEUTRAL",42776,81.9,15900,1363791300,0,2,1,0,30,1,"-87.61291629"," 41.8310921"
"137","John C Dore Elementary School","NEUTRAL","STRONG","WEAK","NEUTRAL","STRONG","STRONG",64408,83,16783,1273764400,81,77,73,86,62,63,"-87.78764009"," 41.78092716"
"138","Helge A Haugan Elementary School","NEUTRAL","NEUTRAL","WEAK","WEAK","NEUTRAL","WEAK",59601,83.7,22850,2221270800,40,51,58,48,62,59,"-87.72316496"," 41.96403525"
"139","John B Drake Elementary School","VERY STRONG","VERY STRONG","STRONG","STRONG","NEUTRAL","STRONG",42776,81.9,15900,1363791300,31,6,5,27,1,3,"-87.62859008"," 41.84403809"
"140","Turner-Drew Elementary Language Academy","NEUTRAL","STRONG","NEUTRAL","WEAK","NEUTRAL","WEAK",32401,84.7,14932,879462600,93,93,64,69,66,40,"-87.6302048"," 41.72560849"
"141","Thomas Drummond Elementary School","VERY STRONG","STRONG","VERY STRONG","VERY STRONG","VERY STRONG","VERY STRONG",79085,89.5,19360,2565859900,94,90,97,69,77,92,"-87.67449563"," 41.91588634"
"142","Charles W Earle Elementary School","NEUTRAL","VERY STRONG","NEUTRAL","NEUTRAL","VERY WEAK","NEUTRAL",27475,77.7,5499,337223800,29,12,8,63,17,31,"-87.67555599"," 41.78125258"
"143","John F Eberhart Elementary School","WEAK","NEUTRAL","NEUTRAL","NEUTRAL","WEAK","NEUTRAL",41471,67.6,18796,1497692700,34,39,48,45,49,36,"-87.70800189"," 41.7744471"
"144","Christian Ebinger Elementary School","STRONG","STRONG","VERY STRONG","STRONG","VERY STRONG","VERY STRONG",79458,93.7,10630,909131400,98,96,93,97,87,86,"-87.81116435"," 42.00443557"
"145","George W Curtis Elementary School","WEAK","WEAK","VERY WEAK","VERY WEAK","WEAK","VERY WEAK",35654,84.6,12953,880028700,0,1,26,10,10,52,"-87.62166148"," 41.68544575"
"146","Edgebrook Elementary School","STRONG","NEUTRAL","VERY STRONG","VERY STRONG","VERY STRONG","VERY STRONG",79079,92.6,9137,921890600,99,98,99,92,96,98,"-87.7618211"," 41.99946016"
"147","Ralph H Metcalfe Elementary Community Academy","STRONG","NEUTRAL","WEAK","NEUTRAL","NEUTRAL","NEUTRAL",35654,84.6,12953,880028700,12,1,8,16,1,14,"-87.63426928"," 41.6694559"
"148","Richard Edwards Elementary School","NEUTRAL","NEUTRAL","NEUTRAL","STRONG","NEUTRAL","STRONG",40829,60.4,15934,1179638500,31,44,32,23,84,51,"-87.72581893"," 41.80552325"
"149","Edward K Ellington Elementary School","VERY STRONG","VERY STRONG","STRONG","STRONG","VERY STRONG","STRONG",26892,76.3,7824,540042100,71,55,45,55,65,32,"-87.76655157"," 41.885506"
"150","Leif Ericson Elementary Scholastic Academy","VERY STRONG","VERY STRONG","NEUTRAL","WEAK","STRONG","STRONG",22160,73.3,4177,343708200,22,30,29,48,86,86,"-87.71584573"," 41.87576191"
"151","Esmond Elementary School","STRONG","STRONG","NEUTRAL","WEAK","NEUTRAL","NEUTRAL",59686,90.6,13631,1165721000,52,61,6,22,54,3,"-87.66916143"," 41.68939069"
"152","Edward Everett Elementary School","VERY WEAK","WEAK","STRONG","STRONG","VERY WEAK","NEUTRAL",37574,69.2,16267,1242412100,17,32,53,44,55,66,"-87.68127322"," 41.83154196"
"153","Laughlin Falconer Elementary School","NEUTRAL","NEUTRAL","NEUTRAL","NEUTRAL","NEUTRAL","WEAK",53158,78.5,19135,1584613700,46,49,48,51,67,59,"-87.74936705"," 41.93577597"
"154","James B Farnsworth Elementary School","NEUTRAL","STRONG","STRONG","STRONG","STRONG","STRONG",67469,88.3,17421,1485736300,79,87,65,53,86,41,"-87.76610809"," 41.9798092"
"155","Fernwood Elementary School","STRONG","VERY STRONG","NEUTRAL","STRONG","STRONG","STRONG",35654,84.6,12953,880028700,93,24,98,83,72,48,"-87.6403774"," 41.71119799"
"156","Eugene Field Elementary School","NEUTRAL","NEUTRAL","STRONG","STRONG","NEUTRAL","NEUTRAL",36978,85.9,15325,1096257300,NA,NA,NA,NA,NA,NA,"-87.66994862"," 42.00966462"
"157","John Fiske Elementary School","NEUTRAL","NEUTRAL","STRONG","STRONG","NEUTRAL","NEUTRAL",27091,86.2,9519,809803000,25,1,1,9,1,1,"-87.60866927"," 41.78517099"
"158","Gerald Delgado Kanoon Elementary Magnet School","NEUTRAL","NEUTRAL","NEUTRAL","NEUTRAL","NEUTRAL","WEAK",30048,57.1,11743,884410100,19,21,12,3,28,32,"-87.70507547"," 41.85077575"
"159","Telpochcalli Elementary School","NEUTRAL","WEAK","NOT ENOUGH DATA","NOT ENOUGH DATA","STRONG","NOT ENOUGH DATA",30048,57.1,11743,884410100,NA,76,9,NA,84,37,"-87.6966316"," 41.84797834"
"160","Belmont-Cragin Elementary School","VERY STRONG","STRONG","STRONG","VERY STRONG","VERY STRONG","VERY STRONG",39913,61.2,15947,1211392100,66,26,46,53,15,34,"-87.75820003"," 41.92053845"
"161","Fort Dearborn Elementary School","WEAK","NEUTRAL","WEAK","NEUTRAL","WEAK","WEAK",32401,84.7,14932,879462600,20,31,6,7,9,7,"-87.65544435"," 41.72966698"
"162","Joseph Kellman Corporate Community ES","STRONG","STRONG","NEUTRAL","NEUTRAL","NEUTRAL","NEUTRAL",37137,82.2,7584,687485100,14,32,44,45,30,20,"-87.70078311"," 41.87119309"
"163","Franklin Elementary Fine Arts Center","NEUTRAL","NEUTRAL","STRONG","STRONG","STRONG","STRONG",77094,95.7,19038,2498876100,94,98,78,93,97,77,"-87.6355136"," 41.90657253"
"164","Foster Park Elementary School","NEUTRAL","VERY STRONG","NEUTRAL","NEUTRAL","WEAK","STRONG",32401,84.7,14932,879462600,31,75,97,10,37,90,"-87.66813597"," 41.7384262"
"165","Melville W Fuller Elementary School","NEUTRAL","WEAK","STRONG","STRONG","NEUTRAL","NEUTRAL",26176,84.1,6956,558912000,0,1,6,1,3,28,"-87.61182077"," 41.8180061"
"166","Robert Fulton Elementary School","NEUTRAL","NEUTRAL","STRONG","STRONG","WEAK","WEAK",32721,70.7,11193,792396800,3,2,8,6,13,19,"-87.66847093"," 41.79754288"
"167","Frederick Funston Elementary School","VERY WEAK","WEAK","VERY WEAK","WEAK","WEAK","VERY WEAK",61028,85.3,26587,2824154900,19,10,29,49,19,36,"-87.71692852"," 41.91762127"
"168","Stephen F Gale Elementary Community Academy","STRONG","STRONG","STRONG","STRONG","NEUTRAL","STRONG",36978,85.9,15325,1096257300,2,20,28,0,12,10,"-87.67196481"," 42.02106425"
"169","Matthew Gallistel Elementary Language Academy","WEAK","WEAK","WEAK","WEAK","WEAK","WEAK",37254,79,17284,1046806600,20,42,38,29,53,39,"-87.53513861"," 41.70682232"
"170","John W Garvy Elementary School","STRONG","STRONG","VERY STRONG","VERY STRONG","STRONG","VERY STRONG",58177,90.7,10115,764434600,86,87,91,90,97,86,"-87.79619832"," 41.97635262"
"171","Joseph E Gary Elementary School","WEAK","NEUTRAL","WEAK","WEAK","WEAK","WEAK",30048,57.1,11743,884410100,25,23,52,34,54,46,"-87.71870452"," 41.83709246"
"172","Frank L Gillespie Elementary School","NOT ENOUGH DATA","NOT ENOUGH DATA","NOT ENOUGH DATA","NOT ENOUGH DATA","NOT ENOUGH DATA","NOT ENOUGH DATA",32024,87.6,14258,848998100,23,39,52,25,34,43,"-87.62368165"," 41.72529635"
"173","Asa Philip Randolph Elementary School","NEUTRAL","STRONG","NEUTRAL","WEAK","WEAK","WEAK",27475,77.7,5499,337223800,2,3,5,8,18,5,"-87.67600175"," 41.76059741"
"174","Johann W von Goethe Elementary School","VERY STRONG","STRONG","VERY STRONG","VERY STRONG","STRONG","VERY STRONG",61028,85.3,26587,2824154900,65,70,73,53,68,73,"-87.69293637"," 41.9228282"
"175","Samuel Gompers Fine Arts Options ES","NEUTRAL","STRONG","STRONG","STRONG","WEAK","NEUTRAL",35654,84.6,12953,880028700,NA,13,1,NA,7,1,"-87.62258098"," 41.67058298"
"176","Virgil Grissom Elementary School","WEAK","WEAK","NOT ENOUGH DATA","NOT ENOUGH DATA","WEAK","NOT ENOUGH DATA",50754,85.5,3455,255841000,88,96,81,98,97,79,"-87.55334334"," 41.66245712"
"177","William C Goudy Elementary School","VERY STRONG","VERY STRONG","STRONG","STRONG","STRONG","STRONG",47390,89.4,25169,2259521500,69,62,81,76,90,87,"-87.65794915"," 41.97581137"
"178","Alexander Graham Elementary School","STRONG","VERY STRONG","STRONG","VERY STRONG","VERY STRONG","VERY STRONG",32721,70.7,11193,792396800,11,17,39,33,5,26,"-87.64338051"," 41.81329195"
"179","William P Gray Elementary School","STRONG","NEUTRAL","NEUTRAL","NEUTRAL","STRONG","NEUTRAL",53158,78.5,19135,1584613700,76,48,49,85,91,70,"-87.75715297"," 41.94878107"
"180","Josefa Ortiz De Dominguez Elementary School","NOT ENOUGH DATA","NOT ENOUGH DATA","WEAK","NEUTRAL","NOT ENOUGH DATA","STRONG",30048,57.1,11743,884410100,NA,NA,NA,NA,NA,NA,"-87.71722614"," 41.83875333"
"181","Ariel Elementary Community Academy","WEAK","NEUTRAL","STRONG","STRONG","WEAK","STRONG",26176,84.1,6956,558912000,50,91,70,19,72,40,"-87.5985003"," 41.81133445"
"182","Nathanael Greene Elementary School","NOT ENOUGH DATA","NOT ENOUGH DATA","STRONG","NEUTRAL","NOT ENOUGH DATA","STRONG",32721,70.7,11193,792396800,44,41,45,80,58,52,"-87.67145551"," 41.82966356"
"183","John Milton Gregory Elementary School","NEUTRAL","WEAK","STRONG","NEUTRAL","NEUTRAL","NEUTRAL",22160,73.3,4177,343708200,18,81,40,34,77,22,"-87.71867323"," 41.87071468"
"184","Walter Q Gresham Elementary School","WEAK","NEUTRAL","STRONG","VERY STRONG","WEAK","STRONG",32401,84.7,14932,879462600,0,4,13,1,6,15,"-87.64506169"," 41.73891334"
"185","Robert L Grimes Elementary School","NEUTRAL","NEUTRAL","STRONG","NEUTRAL","STRONG","STRONG",64408,83,16783,1273764400,41,94,71,72,98,79,"-87.75876919"," 41.77549238"
"186","Frank W Gunsaulus Elementary Scholastic Academy","NEUTRAL","NEUTRAL","NEUTRAL","WEAK","NEUTRAL","NEUTRAL",40829,60.4,15934,1179638500,48,57,55,65,60,47,"-87.69940042"," 41.81299531"
"187","John Charles Haines Elementary School","NEUTRAL","NEUTRAL","WEAK","WEAK","WEAK","NEUTRAL",42776,81.9,15900,1363791300,81,95,86,96,99,93,"-87.63378596"," 41.84993116"
"188","Nathan Hale Elementary School","NEUTRAL","STRONG","STRONG","STRONG","STRONG","STRONG",64408,83,16783,1273764400,47,54,66,50,67,49,"-87.77661589"," 41.78020486"
"189","Ninos Heroes Elementary Academic Center","NEUTRAL","STRONG","VERY WEAK","WEAK","NEUTRAL","WEAK",37254,79,17284,1046806600,9,24,29,27,14,19,"-87.55189813"," 41.74374969"
"190","Alexander Hamilton Elementary School","VERY STRONG","VERY STRONG","STRONG","NEUTRAL","VERY STRONG","VERY STRONG",84319,98.3,33030,4323302400,98,98,98,94,97,87,"-87.67085683"," 41.94524725"
"191","John H Hamline Elementary School","WEAK","WEAK","VERY WEAK","WEAK","WEAK","VERY WEAK",32721,70.7,11193,792396800,3,6,6,16,24,14,"-87.66113856"," 41.80726347"
"192","Charles G Hammond Elementary School","NEUTRAL","NEUTRAL","NEUTRAL","WEAK","WEAK","WEAK",30048,57.1,11743,884410100,27,30,36,8,45,38,"-87.69627777"," 41.85269133"
"193","William F Finkl Elementary School","STRONG","STRONG","VERY WEAK","WEAK","NEUTRAL","WEAK",37574,69.2,16267,1242412100,41,61,26,44,57,33,"-87.68570412"," 41.84919885"
"194","Sharon Christa McAuliffe Elementary School","NEUTRAL","WEAK","WEAK","WEAK","NEUTRAL","WEAK",61028,85.3,26587,2824154900,7,9,31,13,14,24,"-87.72389409"," 41.91480732"
"195","Bret Harte Elementary School","NEUTRAL","STRONG","WEAK","WEAK","NEUTRAL","WEAK",27091,86.2,9519,809803000,62,45,83,65,57,72,"-87.58686328"," 41.7934746"
"196","John Harvard Elementary School of Excellence","STRONG","STRONG","WEAK","WEAK","STRONG","WEAK",32401,84.7,14932,879462600,1,1,1,30,4,2,"-87.63270008"," 41.75733472"
"197","Emiliano Zapata Elementary Academy","NEUTRAL","NEUTRAL","NEUTRAL","STRONG","STRONG","NEUTRAL",30048,57.1,11743,884410100,41,34,57,75,46,54,"-87.73434997"," 41.84139181"
"198","Hawthorne Elementary Scholastic Academy","NEUTRAL","STRONG","WEAK","WEAK","VERY STRONG","STRONG",84319,98.3,33030,4323302400,98,98,99,95,99,97,"-87.65767253"," 41.94228994"
"199","John Hay Elementary Community Academy","WEAK","WEAK","NEUTRAL","NEUTRAL","WEAK","WEAK",34397,74,10348,774251800,1,3,5,3,1,7,"-87.75585034"," 41.89918473"
"200","Stephen K Hayt Elementary School","NEUTRAL","NEUTRAL","NEUTRAL","STRONG","STRONG","NEUTRAL",43794,89.9,15562,1155363300,80,40,63,69,42,62,"-87.6685227"," 41.99456814"
"201","Woodlawn Community Elementary School","STRONG","VERY STRONG","STRONG","VERY STRONG","NEUTRAL","STRONG",27091,86.2,9519,809803000,63,30,41,19,7,5,"-87.59435584"," 41.77339962"
"202","Wendell Smith Elementary School","NEUTRAL","NEUTRAL","WEAK","WEAK","WEAK","WEAK",35654,84.6,12953,880028700,0,34,62,1,58,36,"-87.60468711"," 41.70758462"
"203","Robert Healy Elementary School","NEUTRAL","WEAK","STRONG","STRONG","NEUTRAL","STRONG",42776,81.9,15900,1363791300,91,94,87,99,99,97,"-87.64037683"," 41.83957045"
"204","Phobe Apperson Hearst Elementary School","WEAK","NEUTRAL","VERY WEAK","WEAK","WEAK","NEUTRAL",64408,83,16783,1273764400,1,22,4,3,6,25,"-87.74576315"," 41.80818821"
"205","James Hedges Elementary School","NEUTRAL","WEAK","WEAK","VERY WEAK","WEAK","WEAK",32721,70.7,11193,792396800,20,19,40,52,30,57,"-87.67329121"," 41.80713406"
"206","Helen M Hefferan Elementary School","STRONG","VERY STRONG","NEUTRAL","STRONG","NEUTRAL","STRONG",22160,73.3,4177,343708200,16,99,92,57,99,85,"-87.73583687"," 41.87863685"
"207","Charles R Henderson Elementary School","NEUTRAL","NEUTRAL","STRONG","STRONG","VERY WEAK","NEUTRAL",27475,77.7,5499,337223800,1,1,6,9,2,4,"-87.67192466"," 41.79061716"
"208","Countee Cullen Elementary School","WEAK","WEAK","WEAK","WEAK","WEAK","WEAK",35654,84.6,12953,880028700,13,18,90,26,67,45,"-87.61128176"," 41.70036107"
"209","Thomas A Hendricks Elementary Community Academy","STRONG","STRONG","NEUTRAL","STRONG","NEUTRAL","STRONG",32721,70.7,11193,792396800,1,1,13,6,1,3,"-87.63370133"," 41.81579314"
"210","Patrick Henry Elementary School","VERY STRONG","STRONG","STRONG","NEUTRAL","VERY STRONG","VERY STRONG",62102,81.8,29192,3008747400,69,33,35,91,46,46,"-87.71566829"," 41.95896179"
"211","South Loop Elementary School","NEUTRAL","NEUTRAL","STRONG","NEUTRAL","STRONG","STRONG",99725,98,11269,1745093200,97,99,96,88,98,90,"-87.62865124"," 41.86685634"
"212","Theodore Herzl Elementary School","STRONG","STRONG","NEUTRAL","STRONG","NEUTRAL","NEUTRAL",30048,57.1,11743,884410100,1,12,3,6,12,10,"-87.71825927"," 41.86225473"
"213","Agustin Lara Elementary Academy","NEUTRAL","NEUTRAL","WEAK","WEAK","NEUTRAL","NEUTRAL",32721,70.7,11193,792396800,63,46,52,84,31,42,"-87.6721446"," 41.8097569"
"214","William G Hibbard Elementary School","STRONG","NEUTRAL","WEAK","WEAK","NEUTRAL","WEAK",59601,83.7,22850,2221270800,36,53,39,34,52,43,"-87.71036214"," 41.97036267"
"215","Rufus M Hitch Elementary School","STRONG","NEUTRAL","STRONG","STRONG","STRONG","VERY STRONG",79079,92.6,9137,921890600,88,81,92,83,52,84,"-87.77908614"," 41.98367756"
"216","Charles N Holden Elementary School","WEAK","NEUTRAL","WEAK","WEAK","NEUTRAL","WEAK",37574,69.2,16267,1242412100,18,55,56,22,43,64,"-87.65380002"," 41.83805473"
"217","Oliver Wendell Holmes Elementary School","WEAK","WEAK","VERY WEAK","VERY WEAK","WEAK","VERY WEAK",20150,76.6,3931,262068500,0,1,2,0,6,1,"-87.64977785"," 41.79376044"
"218","Julia Ward Howe Elementary School of Excellence","STRONG","NEUTRAL","WEAK","NEUTRAL","NEUTRAL","WEAK",26892,76.3,7824,540042100,7,12,11,26,38,11,"-87.75943557"," 41.89362521"
"219","Thomas Hoyne Elementary School","NEUTRAL","NEUTRAL","WEAK","NEUTRAL","NEUTRAL","NEUTRAL",37254,79,17284,1046806600,41,54,21,18,65,30,"-87.5681905"," 41.73330693"
"220","Paul Cuffe Math-Science Technology Academy ES","STRONG","STRONG","NEUTRAL","NEUTRAL","NEUTRAL","STRONG",32401,84.7,14932,879462600,9,33,25,6,13,14,"-87.65366994"," 41.74244489"
"221","Charles Evans Hughes Elementary School","STRONG","STRONG","STRONG","VERY STRONG","WEAK","STRONG",30048,57.1,11743,884410100,8,67,7,31,88,20,"-87.73177486"," 41.86049033"
"222","Edward N Hurley Elementary School","STRONG","VERY STRONG","NEUTRAL","STRONG","VERY STRONG","VERY STRONG",41471,67.6,18796,1497692700,38,46,38,43,63,48,"-87.71950804"," 41.7667583"
"223","Galileo Math & Science Scholastic Academy ES","NEUTRAL","NEUTRAL","STRONG","STRONG","NEUTRAL","STRONG",86476,95.3,10010,1430230900,86,96,95,92,99,94,"-87.65340205"," 41.87124634"
"224","Friedrich Ludwig Jahn Elementary School","WEAK","NEUTRAL","NEUTRAL","WEAK","STRONG","NEUTRAL",84319,98.3,33030,4323302400,45,59,47,31,84,57,"-87.67577282"," 41.93924404"
"225","Minnie Mars Jamieson Elementary School","STRONG","STRONG","STRONG","STRONG","STRONG","STRONG",51527,83.3,8922,770254100,82,92,94,95,99,96,"-87.70056525"," 41.98461372"
"226","Edward Jenner Elementary Academy of the Arts","NEUTRAL","NEUTRAL","NEUTRAL","WEAK","NEUTRAL","NEUTRAL",77094,95.7,19038,2498876100,0,1,28,0,1,40,"-87.64101894"," 41.90205805"
"227","Pilsen Elementary Community Academy","NEUTRAL","WEAK","WEAK","NEUTRAL","NEUTRAL","STRONG",37574,69.2,16267,1242412100,16,58,37,46,78,37,"-87.6622254"," 41.85887606"
"228","Joseph Jungman Elementary School","VERY STRONG","VERY STRONG","NOT ENOUGH DATA","NOT ENOUGH DATA","STRONG","NOT ENOUGH DATA",37574,69.2,16267,1242412100,42,51,52,32,51,49,"-87.65233933"," 41.85810053"
"229","Kate S Kellogg Elementary School","STRONG","STRONG","STRONG","STRONG","STRONG","STRONG",59686,90.6,13631,1165721000,70,97,69,21,86,59,"-87.67719555"," 41.72525315"
"230","Maria Saucedo Elementary Scholastic Academy","NEUTRAL","NEUTRAL","WEAK","WEAK","NEUTRAL","WEAK",30048,57.1,11743,884410100,63,72,59,59,79,48,"-87.69728712"," 41.84796859"
"231","Blair Early Childhood Center","NOT ENOUGH DATA","NOT ENOUGH DATA","NEUTRAL","NEUTRAL","NOT ENOUGH DATA","NEUTRAL",64408,83,16783,1273764400,NA,NA,NA,NA,NA,NA,"-87.79056836"," 41.77652935"
"232","Joshua D Kershaw Elementary School","NEUTRAL","NEUTRAL","NEUTRAL","NEUTRAL","NEUTRAL","NEUTRAL",20150,76.6,3931,262068500,73,95,82,56,92,46,"-87.64092929"," 41.77647883"
"233","Pablo Casals Elementary School","STRONG","STRONG","STRONG","STRONG","STRONG","NEUTRAL",34397,74,10348,774251800,7,34,68,35,32,75,"-87.71427105"," 41.90447488"
"234","Joyce Kilmer Elementary School","WEAK","WEAK","VERY WEAK","VERY WEAK","NEUTRAL","WEAK",36978,85.9,15325,1096257300,24,42,30,29,73,16,"-87.66826026"," 42.00367622"
"235","Lazaro Cardenas Elementary School","NOT ENOUGH DATA","NOT ENOUGH DATA","STRONG","STRONG","NOT ENOUGH DATA","STRONG",30048,57.1,11743,884410100,75,42,48,78,87,73,"-87.71598119"," 41.8485071"
"236","John H Kinzie Elementary School","NEUTRAL","NEUTRAL","NEUTRAL","STRONG","STRONG","STRONG",64408,83,16783,1273764400,24,72,71,35,81,79,"-87.7791043"," 41.78970398"
"237","Rudyard Kipling Elementary School","WEAK","WEAK","VERY WEAK","WEAK","NEUTRAL","WEAK",32401,84.7,14932,879462600,43,44,45,30,72,42,"-87.63948475"," 41.72365391"
"238","Rodolfo Lozano Bilingual & International Ctr ES","STRONG","STRONG","STRONG","STRONG","VERY STRONG","VERY STRONG",82404,90.7,7813,960699700,38,26,NA,17,31,NA,"-87.66505758"," 41.90891372"
"239","Charles Kozminski Elementary Community Academy","NEUTRAL","NEUTRAL","NEUTRAL","NEUTRAL","NEUTRAL","STRONG",40587,93.3,13523,1094036300,29,13,18,53,7,7,"-87.60246287"," 41.7980295"
"240","Wendell E Green Elementary School","VERY STRONG","VERY STRONG","STRONG","STRONG","STRONG","STRONG",59686,90.6,13631,1165721000,3,24,71,5,20,66,"-87.65248591"," 41.71931953"
"241","LaSalle Elementary Language Academy","VERY STRONG","STRONG","STRONG","VERY STRONG","VERY STRONG","VERY STRONG",94640,97.6,29532,4540034600,94,93,89,98,96,84,"-87.63760107"," 41.9138823"
"242","Lawndale Elementary Community Academy","NOT ENOUGH DATA","NOT ENOUGH DATA","VERY WEAK","VERY WEAK","NOT ENOUGH DATA","WEAK",30048,57.1,11743,884410100,0,1,13,0,1,1,"-87.71300615"," 41.86298683"
"243","Leslie Lewis Elementary School","NEUTRAL","NEUTRAL","VERY WEAK","WEAK","WEAK","VERY WEAK",34397,74,10348,774251800,0,4,6,1,2,6,"-87.75451319"," 41.90682528"
"244","Arthur A Libby Elementary School","STRONG","NEUTRAL","STRONG","STRONG","NEUTRAL","NEUTRAL",32721,70.7,11193,792396800,2,8,19,2,5,63,"-87.65996858"," 41.79764784"
"245","Abraham Lincoln Elementary School","STRONG","STRONG","STRONG","STRONG","VERY STRONG","VERY STRONG",94640,97.6,29532,4540034600,99,99,98,99,99,89,"-87.64452163"," 41.92449696"
"246","Carl von Linne Elementary School","NEUTRAL","STRONG","STRONG","STRONG","NEUTRAL","STRONG",62102,81.8,29192,3008747400,58,67,93,66,81,99,"-87.70259825"," 41.94001885"
"247","Henry D Lloyd Elementary School","NOT ENOUGH DATA","NOT ENOUGH DATA","NEUTRAL","NEUTRAL","NOT ENOUGH DATA","NEUTRAL",39913,61.2,15947,1211392100,28,47,42,60,69,63,"-87.74847861"," 41.91883022"
"248","Josephine C Locke Elementary School","NEUTRAL","NEUTRAL","NEUTRAL","NEUTRAL","NEUTRAL","NEUTRAL",58184,85.2,20984,1660106800,22,45,51,31,52,60,"-87.79564085"," 41.93176301"
"249","Joseph Lovett Elementary School","WEAK","WEAK","NEUTRAL","NEUTRAL","NEUTRAL","NEUTRAL",39913,61.2,15947,1211392100,4,7,17,3,17,21,"-87.78393402"," 41.91269042"
"250","James Russell Lowell Elementary School","STRONG","STRONG","WEAK","NEUTRAL","NEUTRAL","NEUTRAL",34397,74,10348,774251800,18,3,49,32,5,17,"-87.71023279"," 41.90654684"
"251","Mary Lyon Elementary School","NEUTRAL","NEUTRAL","NEUTRAL","NEUTRAL","NEUTRAL","STRONG",58184,85.2,20984,1660106800,78,94,70,74,92,67,"-87.77713699"," 41.93417898"
"252","James Madison Elementary School","STRONG","VERY STRONG","NEUTRAL","NEUTRAL","NEUTRAL","STRONG",32024,87.6,14258,848998100,0,60,38,1,77,22,"-87.59067582"," 41.75955224"
"253","George Manierre Elementary School","NEUTRAL","NEUTRAL","NEUTRAL","STRONG","NEUTRAL","NEUTRAL",77094,95.7,19038,2498876100,23,15,17,26,31,22,"-87.63986347"," 41.90825367"
"254","Horace Mann Elementary School","WEAK","WEAK","WEAK","VERY WEAK","VERY WEAK","WEAK",37254,79,17284,1046806600,3,7,10,2,2,4,"-87.57485274"," 41.74830012"
"255","Marquette Elementary School","NEUTRAL","STRONG","NEUTRAL","NEUTRAL","NEUTRAL","NEUTRAL",41471,67.6,18796,1497692700,4,7,23,8,14,65,"-87.6970673"," 41.77390682"
"256","John L Marsh Elementary School","STRONG","NEUTRAL","WEAK","WEAK","STRONG","NEUTRAL",37254,79,17284,1046806600,31,35,21,37,26,16,"-87.55251993"," 41.71657908"
"257","Michael Faraday Elementary School","VERY STRONG","VERY STRONG","NEUTRAL","STRONG","NEUTRAL","NEUTRAL",22160,73.3,4177,343708200,62,21,65,87,22,41,"-87.70808199"," 41.87974117"
"258","Fairfield Elementary Academy","NEUTRAL","NEUTRAL","WEAK","VERY WEAK","WEAK","WEAK",41471,67.6,18796,1497692700,5,19,23,20,26,23,"-87.69207758"," 41.78086789"
"259","Oscar F Mayer Elementary School","NEUTRAL","STRONG","NEUTRAL","NEUTRAL","STRONG","STRONG",94640,97.6,29532,4540034600,84,98,95,86,99,91,"-87.65732331"," 41.92317657"
"260","Andrew Jackson Elementary Language Academy","STRONG","STRONG","NEUTRAL","STRONG","VERY STRONG","STRONG",86476,95.3,10010,1430230900,99,99,96,99,99,93,"-87.66097599"," 41.87432724"
"261","George B McClellan Elementary School","NEUTRAL","NEUTRAL","STRONG","NEUTRAL","STRONG","STRONG",32721,70.7,11193,792396800,38,49,89,65,88,90,"-87.64106579"," 41.82998962"
"262","Cyrus H McCormick Elementary School","NOT ENOUGH DATA","NOT ENOUGH DATA","NEUTRAL","STRONG","NOT ENOUGH DATA","STRONG",30048,57.1,11743,884410100,16,26,34,31,44,33,"-87.706336"," 41.84224508"
"263","Emmett Louis Till Math and Science Academy","WEAK","WEAK","WEAK","WEAK","VERY WEAK","WEAK",27091,86.2,9519,809803000,2,3,11,1,2,5,"-87.60932095"," 41.77544062"
"264","James E McDade Elementary Classical School","NEUTRAL","STRONG","NEUTRAL","NEUTRAL","STRONG","STRONG",32024,87.6,14258,848998100,99,99,99,99,99,99,"-87.61917677"," 41.73451387"
"265","Francis M McKay Elementary School","NEUTRAL","STRONG","STRONG","STRONG","WEAK","NEUTRAL",41471,67.6,18796,1497692700,1,1,5,2,2,8,"-87.69174944"," 41.76810662"
"266","Hanson Park Elementary School","NEUTRAL","NEUTRAL","NEUTRAL","NEUTRAL","STRONG","NEUTRAL",39913,61.2,15947,1211392100,35,36,61,35,70,70,"-87.76152094"," 41.92392771"
"267","James B McPherson Elementary School","NEUTRAL","NEUTRAL","NEUTRAL","NEUTRAL","STRONG","STRONG",47390,89.4,25169,2259521500,27,47,36,45,65,38,"-87.67632505"," 41.96784758"
"268","Ellen Mitchell Elementary School","VERY STRONG","VERY STRONG","VERY STRONG","VERY STRONG","VERY STRONG","VERY STRONG",37137,82.2,7584,687485100,71,99,94,96,99,80,"-87.68317867"," 41.89205482"
"269","James Monroe Elementary School","WEAK","NEUTRAL","NEUTRAL","NEUTRAL","NEUTRAL","NEUTRAL",61028,85.3,26587,2824154900,46,30,31,29,49,17,"-87.71921246"," 41.92996135"
"270","Bernhard Moos Elementary School","STRONG","STRONG","VERY STRONG","STRONG","STRONG","STRONG",61028,85.3,26587,2824154900,7,25,38,20,47,44,"-87.69690545"," 41.9125311"
"271","Donald Morrill Math & Science Elementary School","NEUTRAL","NEUTRAL","STRONG","NEUTRAL","VERY WEAK","WEAK",41471,67.6,18796,1497692700,21,33,5,17,56,14,"-87.68851192"," 41.78428993"
"272","Inter-American Elementary Magnet School","STRONG","STRONG","VERY STRONG","STRONG","VERY STRONG","STRONG",73810,96.5,22437,2631101000,56,49,78,49,59,73,"-87.65153745"," 41.94897646"
"273","Mark Sheridan Elementary Math & Science Academy","STRONG","STRONG","STRONG","STRONG","VERY STRONG","STRONG",42776,81.9,15900,1363791300,96,92,77,99,90,72,"-87.64131399"," 41.84437293"
"274","Mount Greenwood Elementary School","VERY STRONG","VERY STRONG","STRONG","STRONG","VERY STRONG","VERY STRONG",91102,96.4,9439,875033900,96,99,99,96,99,99,"-87.70577383"," 41.69574845"
"275","Daniel C Beard Elementary School","NOT ENOUGH DATA","NOT ENOUGH DATA","NEUTRAL","STRONG","NOT ENOUGH DATA","VERY STRONG",58177,90.7,10115,764434600,NA,NA,NA,NA,NA,NA,"-87.78963691"," 41.97009738"
"276","Annie Keller Elementary Gifted Magnet School","WEAK","NEUTRAL","STRONG","STRONG","VERY STRONG","VERY STRONG",91102,96.4,9439,875033900,99,99,99,99,99,99,"-87.6972638"," 41.69719792"
"277","Mount Vernon Elementary School","STRONG","NEUTRAL","VERY WEAK","VERY WEAK","NEUTRAL","WEAK",59686,90.6,13631,1165721000,11,39,60,2,23,32,"-87.64768959"," 41.70196704"
"278","Wolfgang A Mozart Elementary School","VERY STRONG","VERY STRONG","NEUTRAL","NEUTRAL","VERY STRONG","NEUTRAL",61028,85.3,26587,2824154900,21,26,29,25,39,27,"-87.72192541"," 41.92092734"
"279","John B Murphy Elementary School","NEUTRAL","NEUTRAL","NEUTRAL","NEUTRAL","STRONG","STRONG",62102,81.8,29192,3008747400,63,77,48,62,76,49,"-87.71682949"," 41.95005034"
"280","Phillip Murray Elementary Language Academy","WEAK","WEAK","WEAK","VERY WEAK","NEUTRAL","WEAK",40587,93.3,13523,1094036300,97,87,78,95,86,46,"-87.59330352"," 41.79852501"
"281","Ronald Brown Elementary Community Academy","STRONG","VERY STRONG","STRONG","VERY STRONG","STRONG","VERY STRONG",35654,84.6,12953,880028700,NA,53,42,NA,17,24,"-87.63892027"," 41.66484509"
"282","Henry H Nash Elementary School","NOT ENOUGH DATA","NOT ENOUGH DATA","WEAK","WEAK","NOT ENOUGH DATA","VERY WEAK",26892,76.3,7824,540042100,10,3,49,28,3,19,"-87.74720007"," 41.89214726"
"283","Jane A Neil Elementary School","WEAK","WEAK","VERY WEAK","VERY WEAK","VERY WEAK","VERY WEAK",32024,87.6,14258,848998100,13,63,1,6,10,6,"-87.62089767"," 41.7384386"
"284","Louis Nettelhorst Elementary School","STRONG","STRONG","NEUTRAL","NEUTRAL","VERY STRONG","STRONG",84319,98.3,33030,4323302400,95,91,84,90,78,79,"-87.64459776"," 41.94162999"
"285","Walter L Newberry Math & Science Academy ES","NEUTRAL","NEUTRAL","NEUTRAL","NEUTRAL","VERY STRONG","STRONG",94640,97.6,29532,4540034600,78,88,74,79,80,56,"-87.64601501"," 41.91397435"
"286","Florence Nightingale Elementary School","STRONG","STRONG","STRONG","VERY STRONG","NEUTRAL","STRONG",40829,60.4,15934,1179638500,46,57,50,53,57,51,"-87.68917624"," 41.79774019"
"287","William P Nixon Elementary School","STRONG","STRONG","STRONG","STRONG","STRONG","STRONG",39913,61.2,15947,1211392100,11,23,23,12,24,30,"-87.73138368"," 41.91959342"
"288","Alfred Nobel Elementary School","NEUTRAL","STRONG","STRONG","STRONG","STRONG","STRONG",34397,74,10348,774251800,13,18,17,20,21,15,"-87.72993324"," 41.90612797"
"289","Norwood Park Elementary School","NEUTRAL","NEUTRAL","WEAK","WEAK","VERY STRONG","NEUTRAL",79458,93.7,10630,909131400,86,93,95,89,91,95,"-87.80299207"," 41.98818136"
"290","West Park Elementary Academy","WEAK","WEAK","WEAK","WEAK","WEAK","WEAK",34397,74,10348,774251800,34,24,17,69,35,25,"-87.73240646"," 41.90691024"
"291","William B Ogden Elementary School","NOT ENOUGH DATA","NOT ENOUGH DATA","WEAK","WEAK","NOT ENOUGH DATA","NEUTRAL",77094,95.7,19038,2498876100,85,98,84,92,98,67,"-87.62928901"," 41.90003152"
"292","Richard J Oglesby Elementary School","NEUTRAL","STRONG","WEAK","WEAK","NEUTRAL","WEAK",32401,84.7,14932,879462600,1,1,6,1,1,1,"-87.64550666"," 41.75469091"
"293","Isabelle C O'Keeffe Elementary School","WEAK","NEUTRAL","VERY WEAK","VERY WEAK","VERY WEAK","VERY WEAK",26246,88.2,10424,696939500,0,24,22,0,46,41,"-87.57284299"," 41.76861557"
"294","William J Onahan Elementary School","NEUTRAL","NEUTRAL","VERY STRONG","VERY STRONG","STRONG","VERY STRONG",79458,93.7,10630,909131400,86,95,77,89,87,66,"-87.79308113"," 41.99381787"
"295","Oriole Park Elementary School","STRONG","NEUTRAL","STRONG","STRONG","VERY STRONG","VERY STRONG",58177,90.7,10115,764434600,96,95,91,99,95,93,"-87.81209057"," 41.97851501"
"296","Brian Piccolo Elementary Specialty School","VERY STRONG","VERY STRONG","NEUTRAL","STRONG","VERY STRONG","NEUTRAL",34397,74,10348,774251800,3,1,24,28,14,24,"-87.73129753"," 41.9001461"
"297","James Otis Elementary School","VERY STRONG","VERY STRONG","STRONG","VERY STRONG","VERY STRONG","VERY STRONG",82404,90.7,7813,960699700,22,29,32,24,45,32,"-87.66538928"," 41.89179703"
"298","Luke O'Toole Elementary School","NEUTRAL","NEUTRAL","NEUTRAL","NEUTRAL","VERY WEAK","WEAK",27475,77.7,5499,337223800,1,4,36,20,12,37,"-87.67513395"," 41.77418952"
"299","William Bishop Owen Scholastic Academy ES","NEUTRAL","STRONG","STRONG","STRONG","STRONG","STRONG",64574,83.7,9996,858206500,56,76,60,54,62,51,"-87.70571301"," 41.74287191"
"300","Ida B Wells Preparatory Elementary Academy","STRONG","VERY STRONG","STRONG","STRONG","WEAK","STRONG",26176,84.1,6956,558912000,5,8,38,3,22,26,"-87.61978251"," 41.82732778"
"301","John Palmer Elementary School","STRONG","STRONG","WEAK","VERY WEAK","NEUTRAL","WEAK",67469,88.3,17421,1485736300,62,53,74,44,49,71,"-87.73917547"," 41.97326374"
"302","Francis W Parker Elementary Community Academy","NEUTRAL","NEUTRAL","NEUTRAL","WEAK","WEAK","NEUTRAL",20150,76.6,3931,262068500,0,3,8,0,13,13,"-87.6353099"," 41.77079606"
"303","Park Manor Elementary School","VERY STRONG","VERY STRONG","STRONG","STRONG","STRONG","STRONG",27091,86.2,9519,809803000,0,25,38,0,4,16,"-87.61150917"," 41.76648584"
"304","Parkside Elementary Community Academy","WEAK","WEAK","STRONG","NEUTRAL","WEAK","WEAK",26246,88.2,10424,696939500,0,2,5,1,2,3,"-87.58299131"," 41.76856599"
"305","Louis Pasteur Elementary School","NEUTRAL","NEUTRAL","NEUTRAL","NEUTRAL","NEUTRAL","NEUTRAL",41471,67.6,18796,1497692700,53,31,50,69,66,72,"-87.73262962"," 41.78688968"
"306","Ferdinand Peck Elementary School","NEUTRAL","STRONG","NEUTRAL","STRONG","NEUTRAL","STRONG",41471,67.6,18796,1497692700,59,52,55,60,65,41,"-87.71922211"," 41.78792632"
"307","Washington Irving Elementary School","NEUTRAL","NEUTRAL","NEUTRAL","NEUTRAL","NEUTRAL","WEAK",37137,82.2,7584,687485100,32,47,61,30,22,58,"-87.68357939"," 41.87161238"
"308","Helen Peirce International Studies ES","STRONG","VERY STRONG","WEAK","NEUTRAL","STRONG","STRONG",43794,89.9,15562,1155363300,80,89,87,68,83,74,"-87.66586537"," 41.98342819"
"309","William Penn Elementary School","WEAK","NEUTRAL","STRONG","NEUTRAL","WEAK","STRONG",30048,57.1,11743,884410100,0,16,54,0,7,79,"-87.72133609"," 41.85836995"
"310","Harold Washington Elementary School","NEUTRAL","NEUTRAL","WEAK","WEAK","WEAK","NEUTRAL",32024,87.6,14258,848998100,30,1,34,34,3,36,"-87.59629327"," 41.72853492"
"311","Irma C Ruiz Elementary School","NEUTRAL","NEUTRAL","NEUTRAL","STRONG","NEUTRAL","NEUTRAL",37574,69.2,16267,1242412100,25,62,42,9,66,66,"-87.68078114"," 41.84809742"
"312","John J Pershing Elementary Humanities Magnet","NOT ENOUGH DATA","NOT ENOUGH DATA","WEAK","WEAK","NOT ENOUGH DATA","WEAK",42776,81.9,15900,1363791300,58,28,56,39,29,51,"-87.61837372"," 41.83649005"
"313","Mary Gage Peterson Elementary School","STRONG","STRONG","WEAK","WEAK","STRONG","NEUTRAL",59601,83.7,22850,2221270800,55,74,77,81,76,79,"-87.71261988"," 41.98158041"
"314","Marcus Moziah Garvey Elementary School","VERY STRONG","VERY STRONG","NEUTRAL","NEUTRAL","STRONG","NEUTRAL",59686,90.6,13631,1165721000,55,13,58,75,17,34,"-87.64754034"," 41.7065956"
"315","Josiah Pickard Elementary School","NEUTRAL","WEAK","WEAK","WEAK","NEUTRAL","WEAK",37574,69.2,16267,1242412100,81,49,69,84,82,72,"-87.6833397"," 41.85287295"
"316","John T Pirie Fine Arts & Academic Center ES","VERY STRONG","VERY STRONG","NEUTRAL","NEUTRAL","STRONG","STRONG",32024,87.6,14258,848998100,4,18,33,3,9,17,"-87.60792289"," 41.74036711"
"317","Ambrose Plamondon Elementary School","STRONG","STRONG","WEAK","NEUTRAL","STRONG","NEUTRAL",37574,69.2,16267,1242412100,66,37,36,72,46,68,"-87.69250468"," 41.86028668"
"318","Edgar Allan Poe Elementary Classical School","NEUTRAL","NEUTRAL","NOT ENOUGH DATA","NOT ENOUGH DATA","STRONG","NOT ENOUGH DATA",35654,84.6,12953,880028700,99,99,99,99,99,97,"-87.60645552"," 41.70261965"
"319","Laura S Ward Elementary School","VERY STRONG","VERY STRONG","STRONG","STRONG","STRONG","STRONG",22160,73.3,4177,343708200,8,66,56,NA,41,28,"-87.71883334"," 41.89321142"
"320","Portage Park Elementary School","NEUTRAL","NEUTRAL","NEUTRAL","WEAK","STRONG","NEUTRAL",53158,78.5,19135,1584613700,48,59,49,36,58,43,"-87.76100593"," 41.9570151"
"321","William H Prescott Elementary School","STRONG","VERY STRONG","STRONG","NEUTRAL","VERY STRONG","VERY STRONG",94640,97.6,29532,4540034600,86,98,94,93,98,94,"-87.66955245"," 41.92886824"
"322","Ernst Prussing Elementary School","NOT ENOUGH DATA","NOT ENOUGH DATA","NEUTRAL","NEUTRAL","NOT ENOUGH DATA","NEUTRAL",67469,88.3,17421,1485736300,92,82,75,94,83,78,"-87.77245066"," 41.96561054"
"323","Pulaski International School of Chicago","STRONG","STRONG","NEUTRAL","NEUTRAL","STRONG","STRONG",61028,85.3,26587,2824154900,59,83,92,36,70,87,"-87.68380061"," 41.91851374"
"324","George M Pullman Elementary School","STRONG","VERY STRONG","NEUTRAL","NEUTRAL","NEUTRAL","NEUTRAL",35654,84.6,12953,880028700,12,50,42,3,33,16,"-87.60939383"," 41.68879566"
"325","Ravenswood Elementary School","STRONG","VERY STRONG","NEUTRAL","NEUTRAL","VERY STRONG","STRONG",73810,96.5,22437,2631101000,85,72,71,96,94,72,"-87.67095905"," 41.96074129"
"326","William H Ray Elementary School","WEAK","WEAK","WEAK","WEAK","STRONG","STRONG",27091,86.2,9519,809803000,72,49,83,80,54,69,"-87.59471544"," 41.79234967"
"327","William C Reavis Math & Science Specialty ES","WEAK","WEAK","NEUTRAL","VERY WEAK","VERY WEAK","NEUTRAL",40587,93.3,13523,1094036300,16,5,21,12,37,25,"-87.6049443"," 41.80420101"
"328","Frank W Reilly Elementary School","NEUTRAL","NEUTRAL","WEAK","WEAK","NEUTRAL","WEAK",62102,81.8,29192,3008747400,50,26,41,67,49,52,"-87.71953058"," 41.94112155"
"329","Peter A Reinberg Elementary School","NEUTRAL","STRONG","NEUTRAL","WEAK","NEUTRAL","NEUTRAL",58184,85.2,20984,1660106800,41,75,69,81,91,63,"-87.76894541"," 41.94300407"
"330","Paul Revere Elementary School","NEUTRAL","STRONG","NEUTRAL","WEAK","WEAK","WEAK",32024,87.6,14258,848998100,1,1,58,5,6,62,"-87.60017165"," 41.76422335"
"331","Philip Rogers Elementary School","NEUTRAL","STRONG","STRONG","STRONG","STRONG","STRONG",49132,83.1,11531,995141700,80,71,93,81,38,80,"-87.69714858"," 42.01526618"
"332","Cesar E Chavez Multicultural Academic Center ES","NEUTRAL","NEUTRAL","VERY STRONG","VERY STRONG","NEUTRAL","STRONG",32721,70.7,11193,792396800,24,76,77,75,87,84,"-87.66600055"," 41.80715514"
"333","Martha Ruggles Elementary School","NEUTRAL","STRONG","WEAK","WEAK","WEAK","WEAK",32024,87.6,14258,848998100,25,41,60,37,42,60,"-87.61802983"," 41.75194729"
"334","William H Ryder Math & Science Specialty ES","NEUTRAL","STRONG","NEUTRAL","NEUTRAL","NEUTRAL","STRONG",32401,84.7,14932,879462600,1,44,42,1,57,54,"-87.63887904"," 41.73536767"
"335","Sauganash Elementary School","VERY STRONG","STRONG","STRONG","VERY STRONG","VERY STRONG","VERY STRONG",79079,92.6,9137,921890600,98,99,98,91,99,98,"-87.74599137"," 41.99117332"
"336","Sidney Sawyer Elementary School","NEUTRAL","NEUTRAL","WEAK","WEAK","NEUTRAL","NEUTRAL",40829,60.4,15934,1179638500,50,18,30,55,33,29,"-87.70504311"," 41.79752155"
"337","Harriet E Sayre Elementary Language Academy","NEUTRAL","NEUTRAL","NOT ENOUGH DATA","NOT ENOUGH DATA","STRONG","NOT ENOUGH DATA",55513,85.3,12367,975099700,66,88,59,80,96,59,"-87.79875667"," 41.9141236"
"338","Jonathan Y Scammon Elementary School","NEUTRAL","NEUTRAL","NEUTRAL","NEUTRAL","NEUTRAL","NEUTRAL",53158,78.5,19135,1584613700,26,46,38,70,74,62,"-87.73222901"," 41.94164944"
"339","Frederick Stock Elementary School","VERY WEAK","VERY WEAK","STRONG","STRONG","VERY WEAK","STRONG",79458,93.7,10630,909131400,NA,NA,NA,NA,NA,NA,"-87.81420664"," 42.0168639"
"340","Franz Peter Schubert Elementary School","NOT ENOUGH DATA","NOT ENOUGH DATA","WEAK","WEAK","NOT ENOUGH DATA","WEAK",39913,61.2,15947,1211392100,38,54,58,43,62,56,"-87.76115305"," 41.93038593"
"341","William H Seward Communication Arts Academy ES","STRONG","STRONG","NEUTRAL","STRONG","NEUTRAL","NEUTRAL",32721,70.7,11193,792396800,52,20,23,53,30,25,"-87.66880778"," 41.81029632"
"342","Columbia Explorers Elementary Academy","STRONG","VERY STRONG","STRONG","STRONG","NEUTRAL","STRONG",40829,60.4,15934,1179638500,46,50,67,43,54,76,"-87.70423481"," 41.81105689"
"343","Arnold Mireles Elementary Academy","NEUTRAL","NEUTRAL","WEAK","WEAK","WEAK","WEAK",37254,79,17284,1046806600,1,2,6,1,1,6,"-87.55282373"," 41.73168217"
"344","William T Sherman Elementary School","NEUTRAL","STRONG","WEAK","WEAK","STRONG","WEAK",32721,70.7,11193,792396800,0,29,2,7,24,22,"-87.65025483"," 41.79978772"
"345","Jesse Sherwood Elementary School","VERY STRONG","VERY STRONG","NEUTRAL","NEUTRAL","NEUTRAL","STRONG",20150,76.6,3931,262068500,2,86,98,3,82,96,"-87.6322812"," 41.7907728"
"346","James Shields Elementary School","NOT ENOUGH DATA","NOT ENOUGH DATA","NEUTRAL","NEUTRAL","NOT ENOUGH DATA","STRONG",40829,60.4,15934,1179638500,30,29,36,42,16,30,"-87.68968453"," 41.81593528"
"347","Beulah Shoesmith Elementary School","STRONG","STRONG","NEUTRAL","NEUTRAL","STRONG","STRONG",40587,93.3,13523,1094036300,19,65,63,50,60,35,"-87.59392226"," 41.80432122"
"348","John D Shoop Math-Science Technical Academy ES","NEUTRAL","NEUTRAL","WEAK","WEAK","WEAK","WEAK",59686,90.6,13631,1165721000,4,33,41,2,43,22,"-87.65870614"," 41.69093337"
"349","Mark Skinner Elementary School","NEUTRAL","NEUTRAL","NOT ENOUGH DATA","NOT ENOUGH DATA","VERY STRONG","NOT ENOUGH DATA",86476,95.3,10010,1430230900,99,99,98,99,99,98,"-87.65937102"," 41.87913069"
"350","Theophilus Schmid Elementary School","NEUTRAL","NEUTRAL","NEUTRAL","NEUTRAL","WEAK","STRONG",35654,84.6,12953,880028700,11,9,45,8,9,41,"-87.59689622"," 41.71701772"
"351","Washington D Smyser Elementary School","NEUTRAL","NEUTRAL","STRONG","NEUTRAL","NEUTRAL","STRONG",58184,85.2,20984,1660106800,89,90,84,93,92,72,"-87.78201198"," 41.95889037"
"352","John M Smyth Elementary School","NEUTRAL","NEUTRAL","WEAK","WEAK","WEAK","NEUTRAL",37574,69.2,16267,1242412100,0,1,4,4,1,5,"-87.65347031"," 41.86532347"
"353","Hannah G Solomon Elementary School","VERY STRONG","VERY STRONG","STRONG","STRONG","STRONG","VERY STRONG",51527,83.3,8922,770254100,92,98,96,97,99,88,"-87.72407991"," 41.99397007"
"354","Spencer Technology Academy","STRONG","VERY STRONG","STRONG","NEUTRAL","NEUTRAL","NEUTRAL",26892,76.3,7824,540042100,0,1,6,1,6,5,"-87.75048169"," 41.88488257"
"355","John Spry Elementary Community School","STRONG","NEUTRAL","NEUTRAL","NEUTRAL","NEUTRAL","NEUTRAL",30048,57.1,11743,884410100,5,13,27,8,18,23,"-87.69912725"," 41.84815451"
"356","Adlai E Stevenson Elementary School","NEUTRAL","STRONG","NOT ENOUGH DATA","NOT ENOUGH DATA","NEUTRAL","NOT ENOUGH DATA",64574,83.7,9996,858206500,65,64,52,78,85,62,"-87.73170248"," 41.74711093"
"357","Dunne Technology Academy","STRONG","VERY STRONG","STRONG","STRONG","NEUTRAL","NEUTRAL",35654,84.6,12953,880028700,3,84,83,4,70,64,"-87.63993763"," 41.69651565"
"358","Stone Elementary Scholastic Academy","STRONG","STRONG","NEUTRAL","WEAK","STRONG","STRONG",51527,83.3,8922,770254100,97,91,89,84,95,82,"-87.68475636"," 41.99536777"
"359","Harriet Beecher Stowe Elementary School","WEAK","VERY WEAK","VERY WEAK","WEAK","WEAK","WEAK",61028,85.3,26587,2824154900,2,1,26,19,10,35,"-87.7132855"," 41.91196584"
"360","William K New Sullivan Elementary School","STRONG","STRONG","NEUTRAL","WEAK","STRONG","NEUTRAL",37254,79,17284,1046806600,0,21,9,1,26,15,"-87.542891"," 41.7438302"
"361","Charles Sumner  Math & Science Community Acad ES","STRONG","VERY STRONG","NEUTRAL","STRONG","NEUTRAL","STRONG",22160,73.3,4177,343708200,17,18,29,41,13,37,"-87.73355414"," 41.87084922"
"362","Elizabeth H Sutherland Elementary School","NEUTRAL","NEUTRAL","NOT ENOUGH DATA","NOT ENOUGH DATA","VERY STRONG","NOT ENOUGH DATA",59686,90.6,13631,1165721000,86,96,77,55,88,55,"-87.67678398"," 41.71142687"
"363","George B Swift Elementary Specialty School","STRONG","STRONG","NEUTRAL","STRONG","STRONG","NEUTRAL",43794,89.9,15562,1155363300,48,23,36,75,33,34,"-87.65833342"," 41.98915734"
"364","Mancel Talcott Elementary School","STRONG","STRONG","NEUTRAL","NEUTRAL","VERY STRONG","STRONG",79085,89.5,19360,2565859900,19,67,86,36,78,82,"-87.67370499"," 41.89243235"
"365","Douglas Taylor Elementary School","NEUTRAL","NEUTRAL","WEAK","NEUTRAL","NEUTRAL","NEUTRAL",37254,79,17284,1046806600,12,25,39,20,44,62,"-87.5330074"," 41.71544589"
"366","Johnnie Colemon Elementary Academy","NEUTRAL","STRONG","NEUTRAL","WEAK","STRONG","STRONG",59686,90.6,13631,1165721000,31,31,37,24,54,78,"-87.65812011"," 41.67747786"
"367","James N Thorp Elementary School","NEUTRAL","NEUTRAL","NEUTRAL","WEAK","WEAK","NEUTRAL",37254,79,17284,1046806600,10,15,1,9,21,1,"-87.54451462"," 41.73331035"
"368","Ole A Thorp Elementary Scholastic Academy","VERY STRONG","VERY STRONG","STRONG","STRONG","VERY STRONG","VERY STRONG",58184,85.2,20984,1660106800,86,99,90,75,97,78,"-87.77764028"," 41.94859865"
"369","George W Tilton Elementary School","VERY WEAK","WEAK","WEAK","WEAK","VERY WEAK","WEAK",22160,73.3,4177,343708200,0,4,20,1,6,8,"-87.73052949"," 41.88409703"
"370","Enrico Tonti Elementary School","NOT ENOUGH DATA","NOT ENOUGH DATA","NEUTRAL","STRONG","NOT ENOUGH DATA","STRONG",41471,67.6,18796,1497692700,30,65,51,41,78,64,"-87.70814201"," 41.78750499"
"371","Mark Twain Elementary School","STRONG","NEUTRAL","VERY STRONG","STRONG","VERY STRONG","VERY STRONG",64408,83,16783,1273764400,65,84,83,50,94,73,"-87.75896524"," 41.79905206"
"372","John H Vanderpoel Elementary Magnet School","WEAK","NEUTRAL","WEAK","WEAK","NEUTRAL","NEUTRAL",59686,90.6,13631,1165721000,78,87,75,78,70,39,"-87.66558526"," 41.72078152"
"373","Mildred I Lavizzo Elementary School","VERY STRONG","VERY STRONG","NEUTRAL","WEAK","NEUTRAL","WEAK",35654,84.6,12953,880028700,53,5,57,0,8,26,"-87.62713349"," 41.69628998"
"374","Alessandro Volta Elementary School","STRONG","STRONG","NEUTRAL","WEAK","NEUTRAL","NEUTRAL",59601,83.7,22850,2221270800,56,54,57,75,90,87,"-87.72464139"," 41.97160605"
"375","James Wadsworth Elementary School","NOT ENOUGH DATA","NOT ENOUGH DATA","VERY WEAK","WEAK","NOT ENOUGH DATA","NEUTRAL",27091,86.2,9519,809803000,3,7,14,2,8,16,"-87.60105531"," 41.77350389"
"376","John A Walsh Elementary School","NEUTRAL","NEUTRAL","VERY WEAK","WEAK","NEUTRAL","WEAK",37574,69.2,16267,1242412100,14,33,35,24,15,10,"-87.64804964"," 41.85484214"
"377","James Ward Elementary School","NEUTRAL","NEUTRAL","NEUTRAL","NEUTRAL","STRONG","STRONG",42776,81.9,15900,1363791300,74,85,80,93,99,93,"-87.63531815"," 41.84395162"
"378","Joseph Warren Elementary School","STRONG","VERY STRONG","NEUTRAL","STRONG","WEAK","NEUTRAL",37254,79,17284,1046806600,3,54,54,0,45,55,"-87.5753162"," 41.72677474"
"379","George Washington Elementary School","NEUTRAL","NEUTRAL","STRONG","STRONG","NEUTRAL","STRONG",37254,79,17284,1046806600,73,75,60,93,92,68,"-87.53600985"," 41.68810403"
"380","Thomas J Waters Elementary School","STRONG","STRONG","STRONG","VERY STRONG","VERY STRONG","VERY STRONG",59601,83.7,22850,2221270800,93,92,97,70,79,89,"-87.69136881"," 41.96434835"
"381","Daniel Webster Elementary School","VERY STRONG","VERY STRONG","NEUTRAL","NEUTRAL","NEUTRAL","STRONG",22160,73.3,4177,343708200,25,41,19,27,52,28,"-87.72748159"," 41.86988904"
"382","Daniel S Wentworth Elementary School","STRONG","STRONG","NEUTRAL","NEUTRAL","NEUTRAL","NEUTRAL",27475,77.7,5499,337223800,12,2,1,13,4,6,"-87.6582125"," 41.76510322"
"383","John Whistler Elementary School","STRONG","STRONG","NEUTRAL","NEUTRAL","NEUTRAL","STRONG",59686,90.6,13631,1165721000,21,99,99,18,99,99,"-87.65534733"," 41.68391137"
"384","Socorro Sandoval Elementary School","NOT ENOUGH DATA","NOT ENOUGH DATA","NEUTRAL","STRONG","NOT ENOUGH DATA","STRONG",41471,67.6,18796,1497692700,53,54,54,78,65,54,"-87.71102417"," 41.79235177"
"385","Eli Whitney Elementary School","NEUTRAL","NEUTRAL","VERY WEAK","VERY WEAK","NEUTRAL","WEAK",30048,57.1,11743,884410100,52,28,45,58,94,71,"-87.7255084"," 41.84006197"
"386","John Greenleaf Whittier Elementary School","NEUTRAL","STRONG","NOT ENOUGH DATA","NOT ENOUGH DATA","NEUTRAL","NOT ENOUGH DATA",37574,69.2,16267,1242412100,53,1,12,47,11,13,"-87.67342126"," 41.85050786"
"387","A.N. Pritzker School","NEUTRAL","STRONG","NEUTRAL","NEUTRAL","NEUTRAL","STRONG",79085,89.5,19360,2565859900,87,94,91,93,98,90,"-87.67779555"," 41.907025"
"388","Wildwood Elementary School","STRONG","STRONG","VERY STRONG","STRONG","VERY STRONG","VERY STRONG",79079,92.6,9137,921890600,93,99,95,90,97,95,"-87.77837089"," 42.00747007"
"389","National Teachers Elementary Academy","WEAK","VERY WEAK","WEAK","WEAK","NEUTRAL","WEAK",42776,81.9,15900,1363791300,29,79,84,15,75,82,"-87.62928114"," 41.85277255"
"390","Richard Yates Elementary School","NEUTRAL","NEUTRAL","WEAK","WEAK","WEAK","WEAK",61028,85.3,26587,2824154900,23,1,15,43,17,33,"-87.70024324"," 41.91502858"
"391","Ella Flagg Young Elementary School","WEAK","NEUTRAL","NEUTRAL","NEUTRAL","WEAK","NEUTRAL",34397,74,10348,774251800,10,33,61,8,23,32,"-87.76717934"," 41.90678358"
"392","Ludwig Van Beethoven Elementary School","NEUTRAL","STRONG","WEAK","NEUTRAL","WEAK","NEUTRAL",32721,70.7,11193,792396800,51,20,7,23,40,4,"-87.62711401"," 41.80910779"
"393","Carrie Jacobs Bond Elementary School","NEUTRAL","NEUTRAL","NEUTRAL","NEUTRAL","NEUTRAL","STRONG",20150,76.6,3931,262068500,0,11,10,0,7,2,"-87.65305514"," 41.76538639"
"394","Richard J Daley Elementary Academy","WEAK","NEUTRAL","NEUTRAL","NEUTRAL","WEAK","NEUTRAL",32721,70.7,11193,792396800,12,15,23,21,15,24,"-87.67224309"," 41.80234381"
"395","Joseph Brennemann Elementary School","VERY STRONG","VERY STRONG","WEAK","WEAK","STRONG","WEAK",73810,96.5,22437,2631101000,28,49,52,23,29,71,"-87.64971223"," 41.95997841"
"396","Edward Beasley Elementary Magnet Academic Center","WEAK","NEUTRAL","NEUTRAL","NEUTRAL","NEUTRAL","NEUTRAL",32721,70.7,11193,792396800,52,68,73,44,57,58,"-87.62565509"," 41.79847228"
"397","Chicago Academy Elementary School","WEAK","NEUTRAL","STRONG","NEUTRAL","STRONG","STRONG",58184,85.2,20984,1660106800,55,66,81,68,90,89,"-87.77650575"," 41.94215439"
"398","Talman Elementary School","VERY STRONG","VERY STRONG","STRONG","STRONG","VERY STRONG","VERY STRONG",40829,60.4,15934,1179638500,70,48,20,87,79,54,"-87.6902983"," 41.79407382"
"399","Rueben Salazar Elementary Bilingual Center","NEUTRAL","NEUTRAL","STRONG","NEUTRAL","STRONG","NEUTRAL",77094,95.7,19038,2498876100,46,61,75,78,59,98,"-87.63373912"," 41.90144445"
"400","Willa Cather Elementary School","NEUTRAL","STRONG","STRONG","VERY STRONG","NEUTRAL","STRONG",37137,82.2,7584,687485100,4,36,18,5,53,22,"-87.69922315"," 41.882977"
"401","Robert Nathaniel Dett Elementary School","STRONG","VERY STRONG","STRONG","STRONG","STRONG","STRONG",37137,82.2,7584,687485100,0,1,2,0,1,1,"-87.68031236"," 41.87984242"
"402","Dvorak Technology Academy","STRONG","STRONG","NEUTRAL","STRONG","WEAK","NEUTRAL",30048,57.1,11743,884410100,2,1,8,2,1,6,"-87.71574626"," 41.85885599"
"403","Jackie Robinson Elementary School","NOT ENOUGH DATA","NOT ENOUGH DATA","NEUTRAL","NEUTRAL","NOT ENOUGH DATA","NEUTRAL",26176,84.1,6956,558912000,9,32,6,11,11,4,"-87.59903174"," 41.81735839"
"404","Morton School of Excellence","STRONG","VERY STRONG","STRONG","STRONG","NEUTRAL","NEUTRAL",37137,82.2,7584,687485100,49,18,15,95,73,47,"-87.7049885"," 41.88928666"
"405","John Foster Dulles Elementary School","NEUTRAL","NEUTRAL","WEAK","VERY WEAK","WEAK","WEAK",27091,86.2,9519,809803000,10,1,2,30,8,2,"-87.61717494"," 41.779797"
"406","Arthur R Ashe Elementary School","STRONG","STRONG","WEAK","NEUTRAL","NEUTRAL","WEAK",32024,87.6,14258,848998100,7,37,1,5,27,2,"-87.60113659"," 41.74015307"
"407","John T McCutcheon Elementary School","STRONG","STRONG","NEUTRAL","NEUTRAL","STRONG","NEUTRAL",47390,89.4,25169,2259521500,53,76,77,20,68,61,"-87.65472193"," 41.97095968"
"408","Jensen Elementary Scholastic Academy","WEAK","WEAK","VERY WEAK","VERY WEAK","WEAK","VERY WEAK",37137,82.2,7584,687485100,1,20,24,11,14,35,"-87.70224149"," 41.87384239"
"409","James Weldon Johnson Elementary School","WEAK","NEUTRAL","STRONG","NEUTRAL","WEAK","WEAK",30048,57.1,11743,884410100,2,57,6,6,92,5,"-87.7031756"," 41.86183983"
"410","Irvin C Mollison Elementary School","STRONG","STRONG","STRONG","STRONG","WEAK","NEUTRAL",26176,84.1,6956,558912000,21,13,26,31,19,20,"-87.61658079"," 41.81434006"
"411","Henry O Tanner Elementary School","NEUTRAL","NEUTRAL","NEUTRAL","NEUTRAL","WEAK","NEUTRAL",32024,87.6,14258,848998100,14,21,37,37,7,23,"-87.60682834"," 41.76069854"
"412","Adam Clayton Powell Paideia Community Academy ES","VERY STRONG","VERY STRONG","STRONG","STRONG","NEUTRAL","NEUTRAL",26246,88.2,10424,696939500,9,NA,3,13,NA,1,"-87.55673627"," 41.76032435"
"413","Ronald E McNair Elementary School","STRONG","STRONG","WEAK","WEAK","NEUTRAL","WEAK",34397,74,10348,774251800,0,4,18,1,7,58,"-87.74674645"," 41.8978464"
"414","New Field Elementary School","NOT ENOUGH DATA","NOT ENOUGH DATA","STRONG","STRONG","NOT ENOUGH DATA","NEUTRAL",36978,85.9,15325,1096257300,72,44,52,76,80,56,"-87.67315753"," 42.00767533"
"415","Ashburn Community Elementary School","NOT ENOUGH DATA","NOT ENOUGH DATA","NEUTRAL","STRONG","NOT ENOUGH DATA","VERY STRONG",64574,83.7,9996,858206500,65,17,61,32,27,52,"-87.70964592"," 41.74233179"
"416","Benjamin E Mays Elementary Academy","NEUTRAL","STRONG","WEAK","WEAK","WEAK","WEAK",20150,76.6,3931,262068500,34,5,13,38,12,15,"-87.63729464"," 41.77275433"
"417","Richard Henry Lee Elementary School","NEUTRAL","NEUTRAL","STRONG","NEUTRAL","STRONG","NEUTRAL",41471,67.6,18796,1497692700,44,52,36,66,38,62,"-87.72892174"," 41.77532831"
"418","Genevieve Melody Elementary School","STRONG","NEUTRAL","STRONG","NEUTRAL","NEUTRAL","NEUTRAL",22160,73.3,4177,343708200,4,4,6,3,2,3,"-87.72464875"," 41.87877166"
"419","Thomas J Higgins Elementary Community Academy","STRONG","STRONG","NEUTRAL","STRONG","WEAK","NEUTRAL",59686,90.6,13631,1165721000,17,31,86,15,29,48,"-87.64702985"," 41.68100687"
"420","Lenart Elementary Regional Gifted Center","NEUTRAL","WEAK","VERY WEAK","NEUTRAL","STRONG","NEUTRAL",32401,84.7,14932,879462600,99,99,99,99,99,99,"-87.62800231"," 41.74715024"
"421","William A Hinton Elementary School","STRONG","VERY STRONG","STRONG","STRONG","NEUTRAL","STRONG",20150,76.6,3931,262068500,0,1,1,0,1,1,"-87.6413274"," 41.76536255"
"422","Oliver S Westcott Elementary School","STRONG","VERY STRONG","NEUTRAL","NEUTRAL","WEAK","NEUTRAL",32401,84.7,14932,879462600,4,2,7,1,7,9,"-87.63478949"," 41.74884018"
"423","George Leland Elementary School","NOT ENOUGH DATA","NOT ENOUGH DATA","NEUTRAL","NEUTRAL","NOT ENOUGH DATA","STRONG",26892,76.3,7824,540042100,44,51,8,76,33,22,"-87.74931216"," 41.87358321"
"424","Wilma Rudolph Elementary Learning Center","NOT ENOUGH DATA","NOT ENOUGH DATA","NOT ENOUGH DATA","NOT ENOUGH DATA","NOT ENOUGH DATA","NOT ENOUGH DATA",37137,82.2,7584,687485100,NA,NA,NA,NA,NA,NA,"-87.66951363"," 41.88357478"
"425","Mary E McDowell Elementary School","NOT ENOUGH DATA","NOT ENOUGH DATA","STRONG","STRONG","NOT ENOUGH DATA","STRONG",32024,87.6,14258,848998100,54,57,76,44,39,64,"-87.58960096"," 41.7331047"
"426","Jose De Diego Elementary Community Academy","NEUTRAL","NEUTRAL","WEAK","WEAK","NEUTRAL","NEUTRAL",79085,89.5,19360,2565859900,9,23,51,6,19,37,"-87.68572005"," 41.90531549"
"427","Edward White Elementary Career Academy","STRONG","VERY STRONG","STRONG","VERY STRONG","STRONG","VERY STRONG",59686,90.6,13631,1165721000,6,36,23,6,51,22,"-87.65055321"," 41.67233661"
"428","Amelia Earhart Options for Knowledge ES","NEUTRAL","STRONG","NEUTRAL","STRONG","NEUTRAL","NEUTRAL",37254,79,17284,1046806600,61,87,81,46,81,85,"-87.58217727"," 41.72613498"
"429","Brighton Park Elementary School","NEUTRAL","NEUTRAL","NEUTRAL","WEAK","NEUTRAL","NEUTRAL",40829,60.4,15934,1179638500,16,23,58,52,25,26,"-87.69204069"," 41.82391375"
"430","Orozco Fine Arts & Sciences Elementary School","WEAK","NEUTRAL","WEAK","NEUTRAL","NEUTRAL","NEUTRAL",37574,69.2,16267,1242412100,95,97,75,97,99,94,"-87.67519253"," 41.85778248"
"431","Amos Alonzo Stagg Elementary School","NEUTRAL","NEUTRAL","NEUTRAL","NEUTRAL","NEUTRAL","NEUTRAL",20150,76.6,3931,262068500,0,9,15,2,8,18,"-87.6492534"," 41.75892669"
"432","Albert R Sabin Elementary Magnet School","VERY STRONG","VERY STRONG","NEUTRAL","NEUTRAL","VERY STRONG","STRONG",79085,89.5,19360,2565859900,29,13,45,56,18,43,"-87.68304259"," 41.90684338"
"433","Carter G Woodson South Elementary School","WEAK","NEUTRAL","WEAK","WEAK","VERY WEAK","WEAK",26176,84.1,6956,558912000,0,1,15,1,2,11,"-87.60845505"," 41.81447955"
"434","Claremont Academy Elementary School","NEUTRAL","STRONG","STRONG","STRONG","WEAK","NEUTRAL",27475,77.7,5499,337223800,0,5,39,11,5,26,"-87.68108634"," 41.77753754"
"435","Robert A Black Magnet Elementary School","WEAK","NEUTRAL","STRONG","STRONG","NEUTRAL","NEUTRAL",32024,87.6,14258,848998100,65,67,84,65,34,62,"-87.57660534"," 41.72965645"
"436","Durkin Park Elementary School","NEUTRAL","STRONG","STRONG","STRONG","STRONG","STRONG",64574,83.7,9996,858206500,34,76,70,33,81,75,"-87.72991927"," 41.73886352"
"437","Calmeca Academy of Fine Arts and Dual Language","STRONG","STRONG","STRONG","NEUTRAL","NEUTRAL","STRONG",40829,60.4,15934,1179638500,24,40,29,22,57,28,"-87.71160875"," 41.82440547"
"438","North River Elementary School","NEUTRAL","NEUTRAL","WEAK","NEUTRAL","NEUTRAL","NEUTRAL",59601,83.7,22850,2221270800,76,72,57,61,64,71,"-87.70718808"," 41.96173669"
"439","Mary E Courtenay Elementary Language Arts Center","STRONG","STRONG","STRONG","STRONG","VERY STRONG","VERY STRONG",47390,89.4,25169,2259521500,87,25,27,79,14,49,"-87.66388983"," 41.9623189"
"440","Medgar Evers Elementary School","VERY STRONG","VERY STRONG","STRONG","STRONG","STRONG","VERY STRONG",35654,84.6,12953,880028700,16,51,5,14,64,7,"-87.63926881"," 41.7156643"
"441","Walt Disney Magnet Elementary School","STRONG","NEUTRAL","WEAK","WEAK","STRONG","NEUTRAL",73810,96.5,22437,2631101000,93,95,91,95,91,88,"-87.6461175"," 41.95680712"
"442","William E B Dubois Elementary School","NEUTRAL","NEUTRAL","STRONG","NEUTRAL","NEUTRAL","WEAK",30587,84.2,5228,366896700,2,2,4,4,5,1,"-87.61434156"," 41.65376037"
"443","Charles H Wacker Elementary School","NEUTRAL","STRONG","WEAK","VERY WEAK","NEUTRAL","NEUTRAL",59686,90.6,13631,1165721000,18,69,99,39,99,97,"-87.6480814"," 41.7162148"
"444","Oscar DePriest Elementary School","STRONG","VERY STRONG","NEUTRAL","STRONG","NEUTRAL","STRONG",26892,76.3,7824,540042100,15,2,8,12,3,11,"-87.7662615"," 41.87799914"
"445","Langston Hughes Elementary School","WEAK","NEUTRAL","NEUTRAL","WEAK","WEAK","NEUTRAL",35654,84.6,12953,880028700,24,1,16,2,4,11,"-87.62985093"," 41.70536999"
"446","Mahalia Jackson Elementary School","VERY STRONG","VERY STRONG","WEAK","WEAK","NEUTRAL","NEUTRAL",32401,84.7,14932,879462600,0,1,9,0,1,5,"-87.64675679"," 41.73409818"
"447","Tarkington School of Excellence ES","NEUTRAL","STRONG","WEAK","NEUTRAL","NEUTRAL","WEAK",41471,67.6,18796,1497692700,26,46,46,42,86,49,"-87.70642093"," 41.76443483"
"448","Suder Montessori Magnet ES","STRONG","STRONG","WEAK","WEAK","STRONG","WEAK",37137,82.2,7584,687485100,77,64,69,60,33,59,"-87.67764871"," 41.88324176"
"449","Frazier Prospective IB Magnet ES","STRONG","STRONG","VERY WEAK","WEAK","NEUTRAL","WEAK",22160,73.3,4177,343708200,68,69,56,89,76,35,"-87.72631742"," 41.86695871"
"450","Velma F Thomas Early Childhood Center","NOT ENOUGH DATA","NOT ENOUGH DATA","NOT ENOUGH DATA","NOT ENOUGH DATA","NOT ENOUGH DATA","NOT ENOUGH DATA",32721,70.7,11193,792396800,NA,NA,NA,NA,NA,NA,"-87.67750501"," 41.82776914"
"451","Disney II Magnet School","VERY STRONG","VERY STRONG","VERY STRONG","STRONG","VERY STRONG","VERY STRONG",53158,78.5,19135,1584613700,95,99,91,94,99,89,"-87.73060545"," 41.95048055"
"452","LaSalle II Magnet Elementary School","NEUTRAL","WEAK","STRONG","NEUTRAL","STRONG","STRONG",79085,89.5,19360,2565859900,99,99,95,95,99,96,"-87.67373263"," 41.90290876"
"453","Sir Miles Davis Magnet Elementary Academy","STRONG","STRONG","STRONG","VERY STRONG","NEUTRAL","STRONG",27475,77.7,5499,337223800,25,76,74,60,71,64,"-87.66656657"," 41.77122181"
"454","Edison Park Elementary School","STRONG","STRONG","VERY STRONG","VERY STRONG","VERY STRONG","VERY STRONG",79458,93.7,10630,909131400,97,98,95,81,99,93,"-87.81380814"," 41.99422812"
"455","South Shore Fine Arts Academy","NOT ENOUGH DATA","NOT ENOUGH DATA","WEAK","WEAK","NOT ENOUGH DATA","WEAK",27091,86.2,9519,809803000,31,15,23,16,15,11,"-87.59039017"," 41.76772772"
"456","Dr Jorge Prieto Math and Science","NEUTRAL","WEAK","NEUTRAL","STRONG","NEUTRAL","NEUTRAL",39913,61.2,15947,1211392100,4,26,55,28,33,71,"-87.7657438"," 41.92131717"
"457","Skinner North Classical School","NOT ENOUGH DATA","NOT ENOUGH DATA","VERY STRONG","VERY STRONG","NOT ENOUGH DATA","VERY STRONG",77094,95.7,19038,2498876100,99,99,99,99,99,99,"-87.64483441"," 41.9051367"
"458","Marvin Camras Elementary School","NEUTRAL","NEUTRAL","STRONG","STRONG","NEUTRAL","NEUTRAL",58184,85.2,20984,1660106800,16,41,38,56,39,24,"-87.77016525"," 41.93496641"
"459","Federico Garcia Lorca Elementary School","NEUTRAL","NEUTRAL","NEUTRAL","NEUTRAL","NEUTRAL","NEUTRAL",62102,81.8,29192,3008747400,15,39,49,13,35,43,"-87.72474354"," 41.94001885"
"460","West Ridge Elementary School","NEUTRAL","NEUTRAL","NEUTRAL","NEUTRAL","NEUTRAL","NEUTRAL",49132,83.1,11531,995141700,78,93,91,61,94,90,"-87.70595357"," 42.00299575"
"461","Mariano Azuela Elementary School","NEUTRAL","STRONG","NEUTRAL","STRONG","NEUTRAL","STRONG",41471,67.6,18796,1497692700,49,75,39,29,65,28,"-87.73992325"," 41.77105158"
"462","STEM Magnet Academy","NOT ENOUGH DATA","NOT ENOUGH DATA","STRONG","NEUTRAL","NOT ENOUGH DATA","WEAK",86476,95.3,10010,1430230900,97,99,96,98,99,94,"-87.66496329"," 41.86860344"
